ra,dec,sigra,sigdec,sigradec,w1mpro,w1sigmpro,w1snr,w1rchi2,w2mpro,w2sigmpro,w2snr,w2rchi2,nb,na,cc_flags,ph_qual,qual_frame,mjd,allwise_cntr,w1mpro_allwise,w1sigmpro_allwise,w2mpro_allwise,w2sigmpro_allwise,w3mpro_allwise,w3sigmpro_allwise,w4mpro_allwise,w4sigmpro_allwise,tmass_key,j_m_2mass,j_msig_2mass,h_m_2mass,h_msig_2mass,k_m_2mass,k_msig_2mass,dist,angle
85.0161817,-1.3286954,0.0232,0.0265,-0.0079,7.751,0.016,68.4,4.865E+01,7.774,0.014,80.1,5.535E+01,1,0,0000,AA,0,59838.09293205,847001601351030178,7.863,0.028,7.855,0.020,7.840,0.024,7.381,0.148,108097748,8.524,0.0203,8.059,0.0398,7.906,0.0325,0.118083,41.408318
85.0161779,-1.3286846,0.0251,0.0239,-0.0031,8.097,0.014,78.2,1.061E+00,8.079,0.013,85.5,9.167E-01,1,0,0000,AA,10,60205.13270424,847001601351030178,7.863,0.028,7.855,0.020,7.840,0.024,7.381,0.148,108097748,8.524,0.0203,8.059,0.0398,7.906,0.0325,0.142814,26.817226
85.0161950,-1.3286947,0.0247,0.0226,-0.0081,7.758,0.015,73.6,2.626E+00,7.782,0.012,90.5,2.256E+00,1,0,0000,AA,5,59474.22656436,847001601351030178,7.863,0.028,7.855,0.020,7.840,0.024,7.381,0.148,108097748,8.524,0.0203,8.059,0.0398,7.906,0.0325,0.155452,54.131131
85.0161900,-1.3286884,0.0248,0.0237,-0.0054,7.823,0.018,61.3,1.296E+00,7.794,0.013,85.5,4.167E+00,1,0,0000,AA,5,60205.39183665,847001601351030178,7.863,0.028,7.855,0.020,7.840,0.024,7.381,0.148,108097748,8.524,0.0203,8.059,0.0398,7.906,0.0325,0.156843,43.504439
85.0161967,-1.3286912,0.0287,0.0271,-0.0132,7.765,0.019,56.9,8.231E+00,7.785,0.014,78.1,5.559E+00,1,0,0000,AA,5,59474.16124010,847001601351030178,7.863,0.028,7.855,0.020,7.840,0.024,7.381,0.148,108097748,8.524,0.0203,8.059,0.0398,7.906,0.0325,0.167926,51.869781
85.0161789,-1.3286762,0.0274,0.0247,0.0022,7.745,0.018,59.4,1.705E+00,7.852,0.013,80.6,3.381E+00,1,0,0000,AA,5,59841.67978381,847001601351030178,7.863,0.028,7.855,0.020,7.840,0.024,7.381,0.148,108097748,8.524,0.0203,8.059,0.0398,7.906,0.0325,0.171736,23.334924
85.0161870,-1.3286795,0.0262,0.0244,-0.0097,7.963,0.016,68.8,9.519E-01,7.956,0.012,90.1,1.587E+00,1,0,0000,AA,10,59840.96248992,847001601351030178,7.863,0.028,7.855,0.020,7.840,0.024,7.381,0.148,108097748,8.524,0.0203,8.059,0.0398,7.906,0.0325,0.175221,33.682957
85.0161836,-1.3286763,0.0269,0.0256,-0.0098,7.756,0.015,72.0,3.936E+00,7.757,0.014,80.2,1.277E+00,1,0,0000,AA,10,59837.96241083,847001601351030178,7.863,0.028,7.855,0.020,7.840,0.024,7.381,0.148,108097748,8.524,0.0203,8.059,0.0398,7.906,0.0325,0.178797,28.364635
85.0161991,-1.3286889,0.0272,0.0250,-0.0082,7.785,0.019,58.0,3.537E+00,7.795,0.013,85.3,2.988E+00,1,0,0000,AA,10,60205.45652421,847001601351030178,7.863,0.028,7.855,0.020,7.840,0.024,7.381,0.148,108097748,8.524,0.0203,8.059,0.0398,7.906,0.0325,0.179824,51.493880
85.0161900,-1.3286793,0.0273,0.0242,-0.0050,7.735,0.017,65.5,1.381E+00,7.775,0.014,76.8,2.342E+00,1,0,0000,AA,10,60205.58615458,847001601351030178,7.863,0.028,7.855,0.020,7.840,0.024,7.381,0.148,108097748,8.524,0.0203,8.059,0.0398,7.906,0.0325,0.182017,36.386596
85.0162019,-1.3286906,0.0256,0.0240,-0.0109,7.794,0.014,76.6,1.664E+01,7.746,0.012,92.8,9.769E+00,1,0,0000,AA,0,59267.97126411,847001601351030178,7.863,0.028,7.855,0.020,7.840,0.024,7.381,0.148,108097748,8.524,0.0203,8.059,0.0398,7.906,0.0325,0.184236,54.936544
85.0161885,-1.3286774,0.0322,0.0268,-0.0099,7.842,0.015,70.6,3.143E+00,7.772,0.015,71.3,1.528E+00,1,0,0000,AA,10,58378.78442523,847001601351030178,7.863,0.028,7.855,0.020,7.840,0.024,7.381,0.148,108097748,8.524,0.0203,8.059,0.0398,7.906,0.0325,0.184492,33.775960
85.0162042,-1.3286912,0.0247,0.0234,-0.0105,7.803,0.016,67.2,1.236E+00,7.818,0.012,88.6,1.899E+00,1,0,0000,AA,10,59996.09907713,847001601351030178,7.863,0.028,7.855,0.020,7.840,0.024,7.381,0.148,108097748,8.524,0.0203,8.059,0.0398,7.906,0.0325,0.189892,56.905342
85.0162016,-1.3286866,0.0266,0.0222,0.0051,7.911,0.015,74.6,5.975E+00,7.771,0.013,86.1,2.980E+00,1,0,0000,AA,10,58378.91532863,847001601351030178,7.863,0.028,7.855,0.020,7.840,0.024,7.381,0.148,108097748,8.524,0.0203,8.059,0.0398,7.906,0.0325,0.192019,51.232034
85.0162028,-1.3286881,0.0273,0.0233,-0.0117,7.785,0.014,78.6,5.263E+00,7.753,0.013,86.6,2.702E+00,1,0,0000,AA,5,59473.96513999,847001601351030178,7.863,0.028,7.855,0.020,7.840,0.024,7.381,0.148,108097748,8.524,0.0203,8.059,0.0398,7.906,0.0325,0.192142,53.294456
85.0161600,-1.3286659,0.0257,0.0218,-0.0074,7.752,0.016,66.6,1.878E+01,7.748,0.013,86.6,5.074E+00,1,0,0000,AA,10,58014.30095684,847001601351030178,7.863,0.028,7.855,0.020,7.840,0.024,7.381,0.148,108097748,8.524,0.0203,8.059,0.0398,7.906,0.0325,0.194755,0.000000
85.0161976,-1.3286803,0.0266,0.0216,-0.0061,7.837,0.014,76.4,5.481E+00,7.822,0.012,90.0,2.622E+00,1,0,0000,AA,5,59840.70170207,847001601351030178,7.863,0.028,7.855,0.020,7.840,0.024,7.381,0.148,108097748,8.524,0.0203,8.059,0.0398,7.906,0.0325,0.196829,43.436143
85.0162073,-1.3286922,0.0265,0.0253,-0.0067,7.920,0.017,62.4,2.371E+00,7.922,0.013,81.1,2.746E+00,1,0,0000,AA,10,60205.26233407,847001601351030178,7.863,0.028,7.855,0.020,7.840,0.024,7.381,0.148,108097748,8.524,0.0203,8.059,0.0398,7.906,0.0325,0.197476,59.548904
85.0161945,-1.3286748,0.0260,0.0224,-0.0047,7.915,0.015,72.4,9.921E-01,7.927,0.013,86.0,1.922E+00,1,0,0000,AA,10,59996.22921683,847001601351030178,7.863,0.028,7.855,0.020,7.840,0.024,7.381,0.148,108097748,8.524,0.0203,8.059,0.0398,7.906,0.0325,0.204688,37.346135
85.0162150,-1.3287037,0.0233,0.0242,-0.0084,7.831,0.020,54.8,3.723E+00,7.765,0.011,95.2,1.433E+00,1,0,0000,AA,10,59631.38800093,847001601351030178,7.863,0.028,7.855,0.020,7.840,0.024,7.381,0.148,108097748,8.524,0.0203,8.059,0.0398,7.906,0.0325,0.206457,73.487894
85.0161977,-1.3286764,0.0273,0.0230,-0.0082,7.760,0.016,68.9,1.064E+00,7.784,0.013,84.8,1.375E+00,1,0,0000,AA,10,59264.89910564,847001601351030178,7.863,0.028,7.855,0.020,7.840,0.024,7.381,0.148,108097748,8.524,0.0203,8.059,0.0398,7.906,0.0325,0.207484,40.841658
85.0162012,-1.3286785,0.0275,0.0233,-0.0063,7.715,0.018,61.1,2.158E+00,7.721,0.013,82.0,3.331E+00,1,0,0000,AA,10,59267.84048791,847001601351030178,7.863,0.028,7.855,0.020,7.840,0.024,7.381,0.148,108097748,8.524,0.0203,8.059,0.0398,7.906,0.0325,0.210490,44.784453
85.0161870,-1.3286666,0.0272,0.0223,-0.0075,8.164,0.015,74.7,1.832E+00,8.146,0.012,87.3,1.032E+00,1,0,0000,AA,10,59996.48898689,847001601351030178,7.863,0.028,7.855,0.020,7.840,0.024,7.381,0.148,108097748,8.524,0.0203,8.059,0.0398,7.906,0.0325,0.215414,26.815778
85.0162138,-1.3287482,0.0249,0.0226,-0.0076,7.912,0.016,68.8,2.401E+01,7.848,0.012,87.8,7.380E+00,1,0,0000,AA,10,59838.54931078,847001601351030178,7.863,0.028,7.855,0.020,7.840,0.024,7.381,0.148,108097748,8.524,0.0203,8.059,0.0398,7.906,0.0325,0.218635,117.668228
85.0162121,-1.3286867,0.0207,0.0220,-0.0066,8.127,0.014,78.3,2.738E+00,8.078,0.011,94.9,2.525E+00,1,0,0000,AA,10,57447.96273251,847001601351030178,7.863,0.028,7.855,0.020,7.840,0.024,7.381,0.148,108097748,8.524,0.0203,8.059,0.0398,7.906,0.0325,0.222554,57.408106
85.0161980,-1.3286710,0.0259,0.0228,-0.0059,7.725,0.016,69.2,1.017E+00,7.790,0.013,84.9,1.487E+00,1,0,0000,AA,10,58378.32639089,847001601351030178,7.863,0.028,7.855,0.020,7.840,0.024,7.381,0.148,108097748,8.524,0.0203,8.059,0.0398,7.906,0.0325,0.223211,37.786482
85.0161991,-1.3286704,0.0285,0.0266,-0.0133,8.452,0.018,61.7,3.292E+00,8.435,0.015,74.3,3.975E+00,1,0,0000,AA,10,58742.99921698,847001601351030178,7.863,0.028,7.855,0.020,7.840,0.024,7.381,0.148,108097748,8.524,0.0203,8.059,0.0398,7.906,0.0325,0.227341,38.241450
85.0161909,-1.3286648,0.0257,0.0242,0.0085,7.729,0.019,56.3,1.433E+00,7.761,0.012,91.3,1.710E+00,1,0,0000,AA,10,59631.64917140,847001601351030178,7.863,0.028,7.855,0.020,7.840,0.024,7.381,0.148,108097748,8.524,0.0203,8.059,0.0398,7.906,0.0325,0.227715,29.232777
85.0161951,-1.3286670,0.0233,0.0231,-0.0091,7.715,0.018,59.6,2.124E+00,7.773,0.011,97.5,1.208E+00,1,0,0000,AA,10,59110.49559050,847001601351030178,7.863,0.028,7.855,0.020,7.840,0.024,7.381,0.148,108097748,8.524,0.0203,8.059,0.0398,7.906,0.0325,0.228832,33.507989
85.0162217,-1.3287024,0.0266,0.0237,-0.0097,7.754,0.013,80.6,8.926E+00,7.807,0.013,83.0,4.831E+00,1,0,0000,AA,5,59837.83201693,847001601351030178,7.863,0.028,7.855,0.020,7.840,0.024,7.381,0.148,108097748,8.524,0.0203,8.059,0.0398,7.906,0.0325,0.230928,74.075072
85.0161936,-1.3286650,0.0266,0.0249,-0.0091,7.764,0.015,71.4,1.097E+00,7.807,0.014,79.2,1.621E+00,1,0,0000,AA,10,59632.10644274,847001601351030178,7.863,0.028,7.855,0.020,7.840,0.024,7.381,0.148,108097748,8.524,0.0203,8.059,0.0398,7.906,0.0325,0.232010,31.414284
85.0161877,-1.3286617,0.0256,0.0230,-0.0115,7.753,0.015,74.3,3.184E+00,7.760,0.012,90.4,1.923E+00,1,0,0000,AA,5,59837.70162299,847001601351030178,7.863,0.028,7.855,0.020,7.840,0.024,7.381,0.148,108097748,8.524,0.0203,8.059,0.0398,7.906,0.0325,0.232356,25.407760
85.0162173,-1.3286898,0.0252,0.0262,-0.0095,7.765,0.019,56.7,9.138E-01,7.785,0.013,85.5,1.735E+00,1,0,0000,AA,10,59995.77372781,847001601351030178,7.863,0.028,7.855,0.020,7.840,0.024,7.381,0.148,108097748,8.524,0.0203,8.059,0.0398,7.906,0.0325,0.233127,62.202145
85.0161896,-1.3286623,0.0256,0.0212,-0.0057,7.760,0.015,73.3,1.179E+00,7.809,0.012,88.6,2.802E+00,1,0,0000,AA,10,59838.28852297,847001601351030178,7.863,0.028,7.855,0.020,7.840,0.024,7.381,0.148,108097748,8.524,0.0203,8.059,0.0398,7.906,0.0325,0.233451,27.151489
85.0162155,-1.3286851,0.0265,0.0239,0.0076,8.113,0.020,53.3,1.761E+00,8.147,0.012,91.1,2.699E+00,1,0,0000,AA,10,60205.00332902,847001601351030178,7.863,0.028,7.855,0.020,7.840,0.024,7.381,0.148,108097748,8.524,0.0203,8.059,0.0398,7.906,0.0325,0.235966,57.830192
85.0162184,-1.3286896,0.0266,0.0238,-0.0085,8.353,0.014,77.8,1.490E+00,8.335,0.013,86.6,2.012E+00,1,0,0000,AA,10,59841.15808080,847001601351030178,7.863,0.028,7.855,0.020,7.840,0.024,7.381,0.148,108097748,8.524,0.0203,8.059,0.0398,7.906,0.0325,0.236965,62.494551
85.0162135,-1.3286813,0.0263,0.0238,-0.0095,7.771,0.014,79.5,4.623E+00,7.773,0.013,85.2,1.481E+00,1,0,0000,AA,5,58378.06458436,847001601351030178,7.863,0.028,7.855,0.020,7.840,0.024,7.381,0.148,108097748,8.524,0.0203,8.059,0.0398,7.906,0.0325,0.237662,54.112042
85.0162007,-1.3286673,0.0231,0.0218,-0.0088,7.772,0.014,75.1,8.841E-01,7.815,0.012,93.4,1.311E+00,1,0,0000,AA,10,59474.61863785,847001601351030178,7.863,0.028,7.855,0.020,7.840,0.024,7.381,0.148,108097748,8.524,0.0203,8.059,0.0398,7.906,0.0325,0.239681,37.671313
85.0161952,-1.3286634,0.0278,0.0244,-0.0067,8.319,0.014,80.0,1.018E+00,8.309,0.014,76.2,7.501E-01,1,0,0000,AA,10,58742.93376535,847001601351030178,7.863,0.028,7.855,0.020,7.840,0.024,7.381,0.148,108097748,8.524,0.0203,8.059,0.0398,7.906,0.0325,0.239937,31.870908
85.0162095,-1.3286752,0.0293,0.0245,0.0010,7.795,0.018,62.0,3.929E+00,7.840,0.013,82.3,5.664E+00,1,0,0000,AA,5,59631.97579380,847001601351030178,7.863,0.028,7.855,0.020,7.840,0.024,7.381,0.148,108097748,8.524,0.0203,8.059,0.0398,7.906,0.0325,0.240310,47.845649
85.0162126,-1.3286779,0.0284,0.0241,-0.0080,8.013,0.017,62.7,1.603E+00,8.032,0.012,86.9,1.467E+00,1,0,0000,AA,10,57283.61595313,847001601351030178,7.863,0.028,7.855,0.020,7.840,0.024,7.381,0.148,108097748,8.524,0.0203,8.059,0.0398,7.906,0.0325,0.242502,51.319394
85.0162113,-1.3286757,0.0247,0.0246,-0.0087,7.764,0.019,57.2,1.120E+00,7.757,0.013,86.4,1.110E+00,1,0,0000,AA,10,59631.51864981,847001601351030178,7.863,0.028,7.855,0.020,7.840,0.024,7.381,0.148,108097748,8.524,0.0203,8.059,0.0398,7.906,0.0325,0.243978,49.180203
85.0162156,-1.3286810,0.0237,0.0213,-0.0071,7.797,0.013,82.9,3.887E+00,7.792,0.012,92.7,1.348E+00,1,0,0000,AA,10,59109.84209325,847001601351030178,7.863,0.028,7.855,0.020,7.840,0.024,7.381,0.148,108097748,8.524,0.0203,8.059,0.0398,7.906,0.0325,0.244442,54.945445
85.0162138,-1.3286785,0.0284,0.0225,-0.0051,7.757,0.017,64.1,1.464E+00,7.755,0.013,86.2,1.500E+00,1,0,0000,AA,10,59473.63839134,847001601351030178,7.863,0.028,7.855,0.020,7.840,0.024,7.381,0.148,108097748,8.524,0.0203,8.059,0.0398,7.906,0.0325,0.244558,52.346836
85.0162209,-1.3286892,0.0247,0.0190,0.0037,8.473,0.014,77.9,2.686E+01,8.350,0.012,94.1,3.032E+00,1,0,0000,AA,10,57088.67837293,847001601351030178,7.863,0.028,7.855,0.020,7.840,0.024,7.381,0.148,108097748,8.524,0.0203,8.059,0.0398,7.906,0.0325,0.245637,63.165921
85.0161997,-1.3286637,0.0262,0.0245,0.0015,8.244,0.016,66.1,1.212E+00,8.237,0.013,80.8,1.999E+00,1,0,0000,AA,10,58900.73197978,847001601351030178,7.863,0.028,7.855,0.020,7.840,0.024,7.381,0.148,108097748,8.524,0.0203,8.059,0.0398,7.906,0.0325,0.247972,35.182359
85.0161928,-1.3286594,0.0241,0.0228,-0.0086,7.787,0.015,73.6,3.022E+00,7.785,0.012,89.0,4.580E+00,1,0,0000,AA,10,60205.52083035,847001601351030178,7.863,0.028,7.855,0.020,7.840,0.024,7.381,0.148,108097748,8.524,0.0203,8.059,0.0398,7.906,0.0325,0.248048,28.418202
85.0162095,-1.3286717,0.0328,0.0257,-0.0090,8.118,0.019,57.5,8.367E+00,8.066,0.014,79.3,8.950E+00,1,0,0000,AA,10,59838.81009858,847001601351030178,7.863,0.028,7.855,0.020,7.840,0.024,7.381,0.148,108097748,8.524,0.0203,8.059,0.0398,7.906,0.0325,0.248941,45.695279
85.0162054,-1.3286671,0.0262,0.0231,0.0047,7.748,0.016,66.0,3.536E+00,7.751,0.012,89.6,1.956E+00,1,0,0000,AA,10,58014.16992615,847001601351030178,7.863,0.028,7.855,0.020,7.840,0.024,7.381,0.148,108097748,8.524,0.0203,8.059,0.0398,7.906,0.0325,0.250926,40.629340
85.0162077,-1.3286689,0.0318,0.0263,-0.0106,7.747,0.019,57.5,2.792E+00,7.754,0.016,66.8,1.690E+00,1,0,0000,AA,10,58536.17575263,847001601351030178,7.863,0.028,7.855,0.020,7.840,0.024,7.381,0.148,108097748,8.524,0.0203,8.059,0.0398,7.906,0.0325,0.251621,43.021376
85.0161790,-1.3286527,0.0271,0.0243,-0.0057,7.716,0.018,61.7,2.933E+00,7.786,0.013,82.6,3.320E+00,1,0,0000,AA,10,59474.48798936,847001601351030178,7.863,0.028,7.855,0.020,7.840,0.024,7.381,0.148,108097748,8.524,0.0203,8.059,0.0398,7.906,0.0325,0.251753,15.761299
85.0162214,-1.3286854,0.0260,0.0238,-0.0068,7.817,0.015,72.8,4.273E+00,7.842,0.013,85.8,1.328E+00,1,0,0000,AA,5,59109.51508997,847001601351030178,7.863,0.028,7.855,0.020,7.840,0.024,7.381,0.148,108097748,8.524,0.0203,8.059,0.0398,7.906,0.0325,0.253659,60.591372
85.0162104,-1.3286706,0.0259,0.0229,0.0079,8.010,0.016,68.8,2.016E+00,8.026,0.013,82.7,1.275E+00,1,0,0000,AA,10,59264.50639503,847001601351030178,7.863,0.028,7.855,0.020,7.840,0.024,7.381,0.148,108097748,8.524,0.0203,8.059,0.0398,7.906,0.0325,0.254031,45.566385
85.0162104,-1.3286700,0.0245,0.0227,-0.0098,7.739,0.017,65.2,1.539E+00,7.761,0.012,90.7,2.090E+00,1,0,0000,AA,10,60205.97466218,847001601351030178,7.863,0.028,7.855,0.020,7.840,0.024,7.381,0.148,108097748,8.524,0.0203,8.059,0.0398,7.906,0.0325,0.255552,45.220566
85.0162118,-1.3286713,0.0247,0.0224,-0.0097,7.874,0.013,85.0,2.104E+00,7.894,0.013,84.6,1.391E+00,1,0,0000,AA,10,60205.32702169,847001601351030178,7.863,0.028,7.855,0.020,7.840,0.024,7.381,0.148,108097748,8.524,0.0203,8.059,0.0398,7.906,0.0325,0.255921,46.759084
85.0162077,-1.3286669,0.0260,0.0232,-0.0052,8.461,0.013,82.2,1.909E+00,8.442,0.014,80.1,1.824E+00,1,0,0000,AA,10,59841.28847470,847001601351030178,7.863,0.028,7.855,0.020,7.840,0.024,7.381,0.148,108097748,8.524,0.0203,8.059,0.0398,7.906,0.0325,0.256934,41.925855
85.0162000,-1.3286607,0.0270,0.0242,-0.0135,7.803,0.014,78.2,3.183E+00,7.809,0.013,86.4,1.697E+00,1,0,0000,AA,10,59632.04111824,847001601351030178,7.863,0.028,7.855,0.020,7.840,0.024,7.381,0.148,108097748,8.524,0.0203,8.059,0.0398,7.906,0.0325,0.257485,33.993950
85.0162103,-1.3286690,0.0221,0.0217,-0.0055,7.789,0.015,72.9,1.549E+00,7.774,0.011,99.9,1.554E+00,1,0,0000,AA,10,60205.65084215,847001601351030178,7.863,0.028,7.855,0.020,7.840,0.024,7.381,0.148,108097748,8.524,0.0203,8.059,0.0398,7.906,0.0325,0.257833,44.596380
85.0161920,-1.3286558,0.0267,0.0225,-0.0088,7.785,0.014,76.8,6.987E+00,7.765,0.012,89.4,2.698E+00,1,0,0000,AA,5,59473.76903983,847001601351030178,7.863,0.028,7.855,0.020,7.840,0.024,7.381,0.148,108097748,8.524,0.0203,8.059,0.0398,7.906,0.0325,0.258218,26.487459
85.0161892,-1.3286543,0.0260,0.0246,-0.0071,7.841,0.018,61.7,5.431E+00,7.862,0.012,87.7,2.020E+00,1,0,0000,AA,5,59632.36761326,847001601351030178,7.863,0.028,7.855,0.020,7.840,0.024,7.381,0.148,108097748,8.524,0.0203,8.059,0.0398,7.906,0.0325,0.258821,23.956772
85.0162230,-1.3286846,0.0312,0.0291,-0.0151,7.773,0.019,56.3,4.046E+00,7.796,0.016,67.4,4.470E+00,1,0,0000,AA,10,59267.57906287,847001601351030178,7.863,0.028,7.855,0.020,7.840,0.024,7.381,0.148,108097748,8.524,0.0203,8.059,0.0398,7.906,0.0325,0.260095,60.661581
85.0162087,-1.3286664,0.0239,0.0222,-0.0079,7.774,0.014,77.6,6.847E-01,7.794,0.012,92.2,1.371E+00,1,0,0000,AA,5,57089.53204737,847001601351030178,7.863,0.028,7.855,0.020,7.840,0.024,7.381,0.148,108097748,8.524,0.0203,8.059,0.0398,7.906,0.0325,0.260676,42.250055
85.0161869,-1.3286526,0.0270,0.0263,-0.0068,8.448,0.015,70.1,5.690E+00,8.469,0.014,79.0,5.626E+00,1,0,0000,AA,10,59841.22276841,847001601351030178,7.863,0.028,7.855,0.020,7.840,0.024,7.381,0.148,108097748,8.524,0.0203,8.059,0.0398,7.906,0.0325,0.261237,21.752123
85.0162119,-1.3286690,0.0271,0.0237,-0.0103,7.798,0.015,73.0,3.168E+00,7.809,0.013,83.0,1.474E+00,1,0,0000,AA,10,57647.51724122,847001601351030178,7.863,0.028,7.855,0.020,7.840,0.024,7.381,0.148,108097748,8.524,0.0203,8.059,0.0398,7.906,0.0325,0.261923,45.493414
85.0161976,-1.3286574,0.0258,0.0227,-0.0088,7.760,0.014,75.2,1.171E+00,7.807,0.012,87.1,1.764E+00,1,0,0000,AA,10,59631.91046929,847001601351030178,7.863,0.028,7.855,0.020,7.840,0.024,7.381,0.148,108097748,8.524,0.0203,8.059,0.0398,7.906,0.0325,0.262877,30.983869
85.0162086,-1.3286654,0.0268,0.0239,-0.0111,7.862,0.014,78.8,3.234E+00,7.858,0.013,84.6,1.614E+00,1,0,0000,AA,10,59996.16363762,847001601351030178,7.863,0.028,7.855,0.020,7.840,0.024,7.381,0.148,108097748,8.524,0.0203,8.059,0.0398,7.906,0.0325,0.263110,41.664945
85.0161963,-1.3286565,0.0330,0.0259,-0.0091,7.783,0.019,57.8,1.302E+01,7.773,0.014,78.6,2.062E+01,1,0,g000,AA,5,59474.16111279,847001601351030178,7.863,0.028,7.855,0.020,7.840,0.024,7.381,0.148,108097748,8.524,0.0203,8.059,0.0398,7.906,0.0325,0.263290,29.747960
85.0161947,-1.3286556,0.0267,0.0274,-0.0113,8.080,0.019,58.0,1.988E+00,8.079,0.014,79.3,2.340E+00,1,0,0000,AA,10,59838.81022589,847001601351030178,7.863,0.028,7.855,0.020,7.840,0.024,7.381,0.148,108097748,8.524,0.0203,8.059,0.0398,7.906,0.0325,0.263344,28.310237
85.0162192,-1.3286770,0.0269,0.0260,-0.0052,8.110,0.017,63.4,2.063E+01,8.158,0.013,82.3,6.030E+00,1,0,0000,AA,5,60205.00320170,847001601351030178,7.863,0.028,7.855,0.020,7.840,0.024,7.381,0.148,108097748,8.524,0.0203,8.059,0.0398,7.906,0.0325,0.263362,53.999844
85.0162110,-1.3286674,0.0256,0.0238,-0.0063,7.824,0.017,63.9,3.944E+00,7.899,0.012,91.9,5.920E+00,1,0,0000,AA,5,59264.63755323,847001601351030178,7.863,0.028,7.855,0.020,7.840,0.024,7.381,0.148,108097748,8.524,0.0203,8.059,0.0398,7.906,0.0325,0.263720,44.107494
85.0162024,-1.3286599,0.0262,0.0260,-0.0094,7.691,0.017,62.5,1.545E+00,7.766,0.014,78.7,2.172E+00,1,0,0000,AA,10,59110.36532403,847001601351030178,7.863,0.028,7.855,0.020,7.840,0.024,7.381,0.148,108097748,8.524,0.0203,8.059,0.0398,7.906,0.0325,0.264757,35.195362
85.0162119,-1.3286677,0.0247,0.0232,-0.0091,7.777,0.015,73.7,2.002E+00,7.787,0.012,89.1,1.721E+00,1,0,0000,AA,10,58378.65352192,847001601351030178,7.863,0.028,7.855,0.020,7.840,0.024,7.381,0.148,108097748,8.524,0.0203,8.059,0.0398,7.906,0.0325,0.265220,44.772353
85.0162245,-1.3286839,0.0245,0.0233,-0.0023,7.803,0.014,76.0,1.173E+01,7.777,0.013,80.8,1.099E+01,1,0,0000,AA,5,59995.96893742,847001601351030178,7.863,0.028,7.855,0.020,7.840,0.024,7.381,0.148,108097748,8.524,0.0203,8.059,0.0398,7.906,0.0325,0.266038,60.758134
85.0162080,-1.3286635,0.0241,0.0226,-0.0025,7.724,0.017,65.5,1.489E+00,7.785,0.012,88.8,1.777E+00,1,0,0000,AA,10,59838.22332600,847001601351030178,7.863,0.028,7.855,0.020,7.840,0.024,7.381,0.148,108097748,8.524,0.0203,8.059,0.0398,7.906,0.0325,0.266854,40.342213
85.0162059,-1.3286617,0.0266,0.0233,0.0072,7.806,0.016,66.9,3.156E+00,7.825,0.013,82.1,2.298E+00,1,0,0000,AA,10,59109.64599316,847001601351030178,7.863,0.028,7.855,0.020,7.840,0.024,7.381,0.148,108097748,8.524,0.0203,8.059,0.0398,7.906,0.0325,0.267101,38.206119
85.0161997,-1.3286570,0.0264,0.0233,-0.0130,7.793,0.018,60.3,2.314E+00,7.760,0.013,86.8,2.572E+00,1,0,0000,AA,10,59995.51306660,847001601351030178,7.863,0.028,7.855,0.020,7.840,0.024,7.381,0.148,108097748,8.524,0.0203,8.059,0.0398,7.906,0.0325,0.268055,32.210489
85.0162027,-1.3286588,0.0249,0.0220,-0.0063,7.711,0.015,71.6,4.582E-01,7.758,0.011,97.8,1.097E+00,1,0,0000,AA,10,58014.49731188,847001601351030178,7.863,0.028,7.855,0.020,7.840,0.024,7.381,0.148,108097748,8.524,0.0203,8.059,0.0398,7.906,0.0325,0.268618,34.896731
85.0162122,-1.3286666,0.0285,0.0255,-0.0115,8.150,0.015,74.7,1.096E+00,8.116,0.014,80.4,2.702E+00,1,0,0000,AA,10,57647.18972704,847001601351030178,7.863,0.028,7.855,0.020,7.840,0.024,7.381,0.148,108097748,8.524,0.0203,8.059,0.0398,7.906,0.0325,0.268794,44.341238
85.0161967,-1.3286549,0.0256,0.0244,-0.0038,7.667,0.017,64.7,5.289E+00,7.759,0.014,75.9,6.543E+00,1,0,0000,AA,5,59110.23454815,847001601351030178,7.863,0.028,7.855,0.020,7.840,0.024,7.381,0.148,108097748,8.524,0.0203,8.059,0.0398,7.906,0.0325,0.269022,29.405456
85.0162208,-1.3286765,0.0296,0.0277,-0.0054,8.166,0.019,55.7,1.107E+00,8.153,0.014,75.2,1.168E+00,1,0,0000,AA,10,59264.37612819,847001601351030178,7.863,0.028,7.855,0.020,7.840,0.024,7.381,0.148,108097748,8.524,0.0203,8.059,0.0398,7.906,0.0325,0.269092,54.410485
85.0162153,-1.3286696,0.0250,0.0241,-0.0085,8.162,0.013,80.5,1.170E+00,8.145,0.013,85.2,1.561E+00,1,0,0000,AA,10,58536.89534076,847001601351030178,7.863,0.028,7.855,0.020,7.840,0.024,7.381,0.148,108097748,8.524,0.0203,8.059,0.0398,7.906,0.0325,0.269320,47.646525
85.0161952,-1.3286538,0.0261,0.0235,0.0080,8.130,0.016,67.7,2.697E+00,8.104,0.013,84.8,2.356E+00,1,0,0000,AA,5,58900.40484833,847001601351030178,7.863,0.028,7.855,0.020,7.840,0.024,7.381,0.148,108097748,8.524,0.0203,8.059,0.0398,7.906,0.0325,0.269899,27.994178
85.0162092,-1.3286634,0.0255,0.0210,0.0027,7.745,0.016,66.9,6.871E-01,7.784,0.012,94.1,2.680E+00,1,0,0000,AA,10,59267.51361113,847001601351030178,7.863,0.028,7.855,0.020,7.840,0.024,7.381,0.148,108097748,8.524,0.0203,8.059,0.0398,7.906,0.0325,0.269951,40.991432
85.0162103,-1.3286642,0.0253,0.0255,-0.0070,7.802,0.015,70.2,5.823E+00,7.805,0.013,83.1,1.818E+00,1,0,g000,AA,10,59109.64586580,847001601351030178,7.863,0.028,7.855,0.020,7.840,0.024,7.381,0.148,108097748,8.524,0.0203,8.059,0.0398,7.906,0.0325,0.270423,42.024902
85.0162188,-1.3286730,0.0272,0.0240,-0.0081,7.761,0.014,76.7,4.392E+00,7.745,0.014,79.0,1.667E+00,1,0,0000,AA,10,59474.09578856,847001601351030178,7.863,0.028,7.855,0.020,7.840,0.024,7.381,0.148,108097748,8.524,0.0203,8.059,0.0398,7.906,0.0325,0.270947,51.356452
85.0161916,-1.3286516,0.0261,0.0279,-0.0121,7.740,0.017,64.4,3.481E+00,7.752,0.014,79.2,4.704E+00,1,0,0000,AA,10,58014.56276416,847001601351030178,7.863,0.028,7.855,0.020,7.840,0.024,7.381,0.148,108097748,8.524,0.0203,8.059,0.0398,7.906,0.0325,0.271243,24.790520
85.0162152,-1.3286685,0.0258,0.0260,0.0027,7.750,0.022,50.0,1.644E+00,7.772,0.013,83.4,1.862E+00,1,0,g000,AA,10,59631.64929876,847001601351030178,7.863,0.028,7.855,0.020,7.840,0.024,7.381,0.148,108097748,8.524,0.0203,8.059,0.0398,7.906,0.0325,0.271730,46.978346
85.0162113,-1.3286640,0.0278,0.0294,-0.0102,7.794,0.017,65.5,1.617E+00,7.724,0.014,75.5,3.532E+00,1,0,0000,AA,10,58378.58807024,847001601351030178,7.863,0.028,7.855,0.020,7.840,0.024,7.381,0.148,108097748,8.524,0.0203,8.059,0.0398,7.906,0.0325,0.273376,42.484236
85.0162090,-1.3286619,0.0275,0.0274,-0.0107,7.758,0.021,50.7,1.139E+00,7.771,0.013,84.6,1.240E+00,1,0,0000,AA,10,59264.96443005,847001601351030178,7.863,0.028,7.855,0.020,7.840,0.024,7.381,0.148,108097748,8.524,0.0203,8.059,0.0398,7.906,0.0325,0.273584,40.135803
85.0162274,-1.3286846,0.0234,0.0223,-0.0071,7.781,0.016,68.6,9.292E-01,7.802,0.013,85.1,1.185E+00,1,0,0000,AA,10,58168.94221552,847001601351030178,7.863,0.028,7.855,0.020,7.840,0.024,7.381,0.148,108097748,8.524,0.0203,8.059,0.0398,7.906,0.0325,0.274015,62.284189
85.0162141,-1.3286664,0.0253,0.0233,-0.0050,7.829,0.015,72.7,1.399E+00,7.810,0.012,92.4,1.522E+00,1,0,0000,AA,10,58900.99353219,847001601351030178,7.863,0.028,7.855,0.020,7.840,0.024,7.381,0.148,108097748,8.524,0.0203,8.059,0.0398,7.906,0.0325,0.274118,45.258292
85.0162062,-1.3286593,0.0286,0.0220,-0.0091,7.732,0.016,66.5,9.432E-01,7.760,0.013,85.9,1.808E+00,1,0,0000,AA,10,58169.46532377,847001601351030178,7.863,0.028,7.855,0.020,7.840,0.024,7.381,0.148,108097748,8.524,0.0203,8.059,0.0398,7.906,0.0325,0.274583,37.268074
85.0162160,-1.3286673,0.0278,0.0280,-0.0100,8.146,0.016,67.1,4.496E+00,8.155,0.014,76.5,4.317E+00,1,0,0000,AA,10,58742.86831370,847001601351030178,7.863,0.028,7.855,0.020,7.840,0.024,7.381,0.148,108097748,8.524,0.0203,8.059,0.0398,7.906,0.0325,0.276793,46.731207
85.0162123,-1.3286636,0.0267,0.0216,-0.0060,7.748,0.016,68.8,1.232E+00,7.762,0.012,88.8,1.700E+00,1,0,0000,AA,10,59267.77516348,847001601351030178,7.863,0.028,7.855,0.020,7.840,0.024,7.381,0.148,108097748,8.524,0.0203,8.059,0.0398,7.906,0.0325,0.276862,42.832232
85.0162142,-1.3286654,0.0270,0.0245,-0.0066,7.742,0.018,61.1,1.329E+00,7.772,0.014,79.0,1.751E+00,1,0,0000,AA,10,57812.46972823,847001601351030178,7.863,0.028,7.855,0.020,7.840,0.024,7.381,0.148,108097748,8.524,0.0203,8.059,0.0398,7.906,0.0325,0.276930,44.781652
85.0162231,-1.3286756,0.0277,0.0253,0.0055,8.450,0.017,63.3,2.226E+00,8.436,0.013,80.7,1.278E+00,1,0,0000,AA,10,58743.06454126,847001601351030178,7.863,0.028,7.855,0.020,7.840,0.024,7.381,0.148,108097748,8.524,0.0203,8.059,0.0398,7.906,0.0325,0.277713,54.860805
85.0161842,-1.3286467,0.0288,0.0255,-0.0056,7.942,0.017,63.5,4.493E+00,7.872,0.015,70.2,4.552E+00,1,0,0000,AA,5,58379.04623257,847001601351030178,7.863,0.028,7.855,0.020,7.840,0.024,7.381,0.148,108097748,8.524,0.0203,8.059,0.0398,7.906,0.0325,0.277883,18.266057
85.0162107,-1.3286616,0.0265,0.0235,-0.0076,8.407,0.014,78.5,8.199E-01,8.397,0.013,83.5,1.616E+00,1,0,0000,AA,10,58900.66652804,847001601351030178,7.863,0.028,7.855,0.020,7.840,0.024,7.381,0.148,108097748,8.524,0.0203,8.059,0.0398,7.906,0.0325,0.278376,40.955277
85.0162071,-1.3286584,0.0253,0.0250,0.0034,7.730,0.017,63.0,2.916E+00,7.793,0.014,78.1,3.186E+00,1,0,0000,AA,10,59109.77676899,847001601351030178,7.863,0.028,7.855,0.020,7.840,0.024,7.381,0.148,108097748,8.524,0.0203,8.059,0.0398,7.906,0.0325,0.279121,37.394470
85.0162141,-1.3286642,0.0261,0.0247,-0.0038,7.780,0.016,66.8,4.301E+00,7.765,0.014,77.8,9.725E-01,1,0,0000,AA,10,58378.45729425,847001601351030178,7.863,0.028,7.855,0.020,7.840,0.024,7.381,0.148,108097748,8.524,0.0203,8.059,0.0398,7.906,0.0325,0.279764,44.106085
85.0162268,-1.3286786,0.0275,0.0256,-0.0057,7.811,0.014,76.8,2.385E+00,7.792,0.016,67.9,1.070E+00,1,0,0000,AA,5,59264.76832943,847001601351030178,7.863,0.028,7.855,0.020,7.840,0.024,7.381,0.148,108097748,8.524,0.0203,8.059,0.0398,7.906,0.0325,0.282870,58.204102
85.0162110,-1.3286601,0.0264,0.0239,0.0086,7.827,0.017,62.4,3.177E+00,7.848,0.013,86.6,2.271E+00,1,0,0000,AA,10,58536.50275709,847001601351030178,7.863,0.028,7.855,0.020,7.840,0.024,7.381,0.148,108097748,8.524,0.0203,8.059,0.0398,7.906,0.0325,0.283187,40.404101
85.0162328,-1.3286900,0.0279,0.0255,-0.0053,7.918,0.018,60.4,2.193E+00,7.974,0.013,85.1,2.543E+00,1,0,0000,AA,10,57448.02831171,847001601351030178,7.863,0.028,7.855,0.020,7.840,0.024,7.381,0.148,108097748,8.524,0.0203,8.059,0.0398,7.906,0.0325,0.283387,67.598606
85.0162265,-1.3286773,0.0239,0.0237,-0.0087,8.301,0.016,66.6,7.373E-01,8.300,0.012,92.2,3.080E+00,1,0,0000,AA,10,57811.74937414,847001601351030178,7.863,0.028,7.855,0.020,7.840,0.024,7.381,0.148,108097748,8.524,0.0203,8.059,0.0398,7.906,0.0325,0.284452,57.288262
85.0162189,-1.3286671,0.0262,0.0269,-0.0086,7.819,0.017,64.0,1.098E+00,7.830,0.014,78.2,2.031E+00,1,0,0000,AA,10,57448.22492197,847001601351030178,7.863,0.028,7.855,0.020,7.840,0.024,7.381,0.148,108097748,8.524,0.0203,8.059,0.0398,7.906,0.0325,0.284966,48.064302
85.0162112,-1.3286595,0.0275,0.0238,-0.0140,7.831,0.019,57.7,1.567E+00,7.840,0.013,84.6,2.046E+00,1,0,0000,AA,10,59264.70300501,847001601351030178,7.863,0.028,7.855,0.020,7.840,0.024,7.381,0.148,108097748,8.524,0.0203,8.059,0.0398,7.906,0.0325,0.285298,40.233006
85.0161965,-1.3286495,0.0320,0.0327,-0.0179,7.811,0.019,57.6,2.034E+00,7.819,0.018,60.2,7.522E-01,1,0,0000,AA,10,59267.25218609,847001601351030178,7.863,0.028,7.855,0.020,7.840,0.024,7.381,0.148,108097748,8.524,0.0203,8.059,0.0398,7.906,0.0325,0.285777,27.365691
85.0162080,-1.3286564,0.0208,0.0225,-0.0069,7.732,0.015,72.8,2.217E+00,7.741,0.011,96.8,3.172E+00,1,0,0000,AA,10,59474.29188920,847001601351030178,7.863,0.028,7.855,0.020,7.840,0.024,7.381,0.148,108097748,8.524,0.0203,8.059,0.0398,7.906,0.0325,0.286817,37.035067
85.0162173,-1.3286634,0.0263,0.0233,-0.0083,7.755,0.017,62.1,2.526E+00,7.765,0.012,88.1,4.012E+00,1,0,0000,AA,10,59110.03832069,847001601351030178,7.863,0.028,7.855,0.020,7.840,0.024,7.381,0.148,108097748,8.524,0.0203,8.059,0.0398,7.906,0.0325,0.289913,45.344418
85.0162116,-1.3286581,0.0278,0.0244,0.0062,8.180,0.015,70.4,2.584E+00,8.184,0.014,79.6,1.535E+00,1,0,0000,AA,10,59841.41886860,847001601351030178,7.863,0.028,7.855,0.020,7.840,0.024,7.381,0.148,108097748,8.524,0.0203,8.059,0.0398,7.906,0.0325,0.290075,39.807097
85.0162279,-1.3286762,0.0282,0.0254,-0.0099,7.792,0.017,62.7,1.573E+00,7.830,0.016,68.5,1.894E+00,1,0,0000,AA,10,58900.14329598,847001601351030178,7.863,0.028,7.855,0.020,7.840,0.024,7.381,0.148,108097748,8.524,0.0203,8.059,0.0398,7.906,0.0325,0.290824,57.168284
85.0162154,-1.3286609,0.0267,0.0269,-0.0026,7.747,0.018,62.0,1.944E+00,7.776,0.016,69.5,1.423E+00,1,0,0000,AA,10,57647.58282049,847001601351030178,7.863,0.028,7.855,0.020,7.840,0.024,7.381,0.148,108097748,8.524,0.0203,8.059,0.0398,7.906,0.0325,0.291586,43.141478
85.0162142,-1.3286594,0.0253,0.0237,-0.0032,7.898,0.015,71.2,2.005E+00,7.879,0.012,88.0,9.837E-01,1,0,0000,AA,10,57448.15934281,847001601351030178,7.863,0.028,7.855,0.020,7.840,0.024,7.381,0.148,108097748,8.524,0.0203,8.059,0.0398,7.906,0.0325,0.292653,41.801458
85.0162076,-1.3286539,0.0256,0.0233,-0.0113,7.743,0.014,75.9,1.302E+00,7.768,0.012,88.7,1.386E+00,1,0,0000,AA,10,58013.90811940,847001601351030178,7.863,0.028,7.855,0.020,7.840,0.024,7.381,0.148,108097748,8.524,0.0203,8.059,0.0398,7.906,0.0325,0.293217,35.751148
85.0162115,-1.3286566,0.0247,0.0243,-0.0099,7.968,0.016,68.4,1.090E+00,7.950,0.012,92.7,1.657E+00,1,0,0000,AA,10,58743.32622093,847001601351030178,7.863,0.028,7.855,0.020,7.840,0.024,7.381,0.148,108097748,8.524,0.0203,8.059,0.0398,7.906,0.0325,0.294022,39.079514
85.0162190,-1.3286634,0.0283,0.0237,-0.0093,8.373,0.017,62.2,5.724E+00,8.338,0.012,89.5,3.872E+00,1,0,0000,AA,10,59841.35367162,847001601351030178,7.863,0.028,7.855,0.020,7.840,0.024,7.381,0.148,108097748,8.524,0.0203,8.059,0.0398,7.906,0.0325,0.294295,46.181664
85.0162273,-1.3286729,0.0295,0.0245,-0.0066,7.748,0.018,58.7,5.018E+00,7.765,0.013,84.4,5.809E+00,1,0,0000,AA,10,59267.25205877,847001601351030178,7.863,0.028,7.855,0.020,7.840,0.024,7.381,0.148,108097748,8.524,0.0203,8.059,0.0398,7.906,0.0325,0.295672,55.006456
85.0162267,-1.3286716,0.0240,0.0244,-0.0069,7.767,0.017,65.8,1.851E+00,7.782,0.012,91.4,2.248E+00,1,0,0000,AA,10,56730.07004691,847001601351030178,7.863,0.028,7.855,0.020,7.840,0.024,7.381,0.148,108097748,8.524,0.0203,8.059,0.0398,7.906,0.0325,0.296629,54.026642
85.0162163,-1.3286598,0.0273,0.0227,-0.0011,8.442,0.015,70.1,1.688E+00,8.421,0.013,80.8,2.043E+00,1,0,0000,AA,5,57283.35363660,847001601351030178,7.863,0.028,7.855,0.020,7.840,0.024,7.381,0.148,108097748,8.524,0.0203,8.059,0.0398,7.906,0.0325,0.296693,43.074974
85.0162204,-1.3286638,0.0256,0.0198,0.0002,7.779,0.015,73.3,1.338E+00,7.814,0.011,97.9,1.203E+00,1,0,0000,AA,10,56921.52288591,847001601351030178,7.863,0.028,7.855,0.020,7.840,0.024,7.381,0.148,108097748,8.524,0.0203,8.059,0.0398,7.906,0.0325,0.296963,47.055252
85.0162222,-1.3286655,0.0298,0.0274,-0.0104,7.736,0.019,56.3,1.621E+00,7.743,0.014,75.4,4.226E+00,1,0,0000,AA,10,57448.61826975,847001601351030178,7.863,0.028,7.855,0.020,7.840,0.024,7.381,0.148,108097748,8.524,0.0203,8.059,0.0398,7.906,0.0325,0.297678,48.767333
85.0162360,-1.3286864,0.0273,0.0245,0.0104,7.715,0.018,58.8,1.367E+00,7.805,0.013,82.7,2.920E+00,1,0,0000,AA,10,58169.40038093,847001601351030178,7.863,0.028,7.855,0.020,7.840,0.024,7.381,0.148,108097748,8.524,0.0203,8.059,0.0398,7.906,0.0325,0.299071,66.143828
85.0162219,-1.3286634,0.0283,0.0234,-0.0113,7.782,0.017,65.3,2.695E+00,7.774,0.013,86.2,1.067E+00,1,0,0000,AA,10,59265.35675866,847001601351030178,7.863,0.028,7.855,0.020,7.840,0.024,7.381,0.148,108097748,8.524,0.0203,8.059,0.0398,7.906,0.0325,0.301916,47.553217
85.0162132,-1.3286549,0.0253,0.0246,-0.0105,7.731,0.018,61.5,3.292E+00,7.733,0.013,84.1,3.012E+00,1,0,0000,AA,10,58014.17005347,847001601351030178,7.863,0.028,7.855,0.020,7.840,0.024,7.381,0.148,108097748,8.524,0.0203,8.059,0.0398,7.906,0.0325,0.302635,39.248293
85.0162148,-1.3286558,0.0268,0.0235,-0.0045,7.786,0.015,74.5,2.181E+00,7.820,0.013,80.7,7.470E-01,1,0,0000,AA,10,59996.03400727,847001601351030178,7.863,0.028,7.855,0.020,7.840,0.024,7.381,0.148,108097748,8.524,0.0203,8.059,0.0398,7.906,0.0325,0.303834,40.475886
85.0161993,-1.3286453,0.0252,0.0206,-0.0073,7.737,0.017,62.8,1.732E+00,7.727,0.012,94.0,3.845E+00,1,0,0000,AA,10,60205.84515965,847001601351030178,7.863,0.028,7.855,0.020,7.840,0.024,7.381,0.148,108097748,8.524,0.0203,8.059,0.0398,7.906,0.0325,0.303850,27.742708
85.0162283,-1.3286703,0.0257,0.0262,-0.0040,8.418,0.017,64.2,5.207E+00,8.438,0.012,88.3,4.363E+00,1,0,0000,AA,5,58900.60107632,847001601351030178,7.863,0.028,7.855,0.020,7.840,0.024,7.381,0.148,108097748,8.524,0.0203,8.059,0.0398,7.906,0.0325,0.304036,53.950336
85.0162170,-1.3286573,0.0248,0.0216,-0.0070,7.746,0.014,78.5,6.119E-01,7.738,0.012,91.6,1.307E+00,1,0,0000,AA,10,57812.73166334,847001601351030178,7.863,0.028,7.855,0.020,7.840,0.024,7.381,0.148,108097748,8.524,0.0203,8.059,0.0398,7.906,0.0325,0.305014,42.266021
85.0162026,-1.3286467,0.0220,0.0226,-0.0077,7.739,0.017,65.0,4.744E+00,7.782,0.011,99.6,1.676E+00,1,0,0000,AA,10,59110.16909657,847001601351030178,7.863,0.028,7.855,0.020,7.840,0.024,7.381,0.148,108097748,8.524,0.0203,8.059,0.0398,7.906,0.0325,0.305184,30.157316
85.0162254,-1.3286658,0.0266,0.0260,-0.0092,8.017,0.018,59.4,1.259E+00,8.027,0.013,83.6,1.019E+00,1,0,g000,AA,10,58742.80286211,847001601351030178,7.863,0.028,7.855,0.020,7.840,0.024,7.381,0.148,108097748,8.524,0.0203,8.059,0.0398,7.906,0.0325,0.305741,50.342320
85.0162333,-1.3286769,0.0280,0.0261,-0.0062,7.697,0.018,61.2,3.123E+00,7.804,0.014,79.8,2.193E+00,1,0,0000,AA,10,58742.60663470,847001601351030178,7.863,0.028,7.855,0.020,7.840,0.024,7.381,0.148,108097748,8.524,0.0203,8.059,0.0398,7.906,0.0325,0.306049,59.537972
85.0162276,-1.3286681,0.0268,0.0262,-0.0063,7.768,0.016,69.0,2.506E+00,7.784,0.014,76.0,1.563E+00,1,0,0000,AA,10,59631.77982035,847001601351030178,7.863,0.028,7.855,0.020,7.840,0.024,7.381,0.148,108097748,8.524,0.0203,8.059,0.0398,7.906,0.0325,0.306759,52.477253
85.0162235,-1.3286629,0.0254,0.0242,-0.0065,7.741,0.015,71.5,8.942E-01,7.774,0.013,86.2,8.063E-01,1,0,0000,AA,10,59109.97286907,847001601351030178,7.863,0.028,7.855,0.020,7.840,0.024,7.381,0.148,108097748,8.524,0.0203,8.059,0.0398,7.906,0.0325,0.307389,48.030063
85.0161956,-1.3286423,0.0246,0.0267,0.0088,7.754,0.018,58.9,1.722E+00,7.772,0.014,77.0,4.632E+00,1,0,0000,AA,10,58169.53128529,847001601351030178,7.863,0.028,7.855,0.020,7.840,0.024,7.381,0.148,108097748,8.524,0.0203,8.059,0.0398,7.906,0.0325,0.307666,24.610114
85.0162055,-1.3286475,0.0287,0.0249,-0.0095,7.759,0.015,72.7,1.255E+00,7.804,0.015,71.6,8.557E-01,1,0,0000,AA,10,58742.47585885,847001601351030178,7.863,0.028,7.855,0.020,7.840,0.024,7.381,0.148,108097748,8.524,0.0203,8.059,0.0398,7.906,0.0325,0.308126,32.104879
85.0162258,-1.3286646,0.0276,0.0258,-0.0076,7.729,0.017,64.6,1.627E+00,7.783,0.014,75.7,2.458E+00,1,0,0000,AA,10,59473.89981572,847001601351030178,7.863,0.028,7.855,0.020,7.840,0.024,7.381,0.148,108097748,8.524,0.0203,8.059,0.0398,7.906,0.0325,0.309609,49.896865
85.0162321,-1.3286730,0.0295,0.0258,-0.0141,7.833,0.019,58.6,1.636E+00,7.827,0.013,81.4,2.836E+00,1,0,0000,AA,10,58743.45712417,847001601351030178,7.863,0.028,7.855,0.020,7.840,0.024,7.381,0.148,108097748,8.524,0.0203,8.059,0.0398,7.906,0.0325,0.309777,56.893732
85.0162229,-1.3286611,0.0249,0.0241,-0.0080,7.893,0.018,61.4,1.008E+00,7.914,0.012,92.3,1.187E+00,1,0,0000,AA,10,58900.27407218,847001601351030178,7.863,0.028,7.855,0.020,7.840,0.024,7.381,0.148,108097748,8.524,0.0203,8.059,0.0398,7.906,0.0325,0.310173,46.873272
85.0162115,-1.3286509,0.0249,0.0214,-0.0058,7.780,0.015,73.2,9.776E-01,7.791,0.013,83.8,1.597E+00,1,0,0000,AA,10,56921.39134579,847001601351030178,7.863,0.028,7.855,0.020,7.840,0.024,7.381,0.148,108097748,8.524,0.0203,8.059,0.0398,7.906,0.0325,0.310219,36.689659
85.0162254,-1.3286637,0.0290,0.0292,-0.0072,7.931,0.018,59.7,5.967E+00,7.846,0.014,74.9,1.919E+00,1,0,0000,AA,10,57812.01130931,847001601351030178,7.863,0.028,7.855,0.020,7.840,0.024,7.381,0.148,108097748,8.524,0.0203,8.059,0.0398,7.906,0.0325,0.310615,49.268661
85.0162254,-1.3286636,0.0233,0.0235,-0.0038,7.908,0.016,66.8,2.537E+00,7.961,0.013,83.2,2.141E+00,1,0,0000,AA,10,59841.54888054,847001601351030178,7.863,0.028,7.855,0.020,7.840,0.024,7.381,0.148,108097748,8.524,0.0203,8.059,0.0398,7.906,0.0325,0.310843,49.218379
85.0161922,-1.3286398,0.0290,0.0241,-0.0106,7.860,0.014,75.2,3.311E+00,7.895,0.014,78.0,4.018E+00,1,0,0000,AA,10,59840.83209602,847001601351030178,7.863,0.028,7.855,0.020,7.840,0.024,7.381,0.148,108097748,8.524,0.0203,8.059,0.0398,7.906,0.0325,0.311116,21.869950
85.0162192,-1.3286567,0.0300,0.0272,-0.0082,7.762,0.018,59.4,1.641E+00,7.771,0.015,73.3,1.985E+00,1,0,0000,AA,10,58536.04484897,847001601351030178,7.863,0.028,7.855,0.020,7.840,0.024,7.381,0.148,108097748,8.524,0.0203,8.059,0.0398,7.906,0.0325,0.311965,43.075375
85.0162075,-1.3286475,0.0305,0.0261,-0.0134,7.767,0.017,62.8,6.284E-01,7.784,0.014,79.8,1.092E+00,1,0,0000,AA,10,56921.32551205,847001601351030178,7.863,0.028,7.855,0.020,7.840,0.024,7.381,0.148,108097748,8.524,0.0203,8.059,0.0398,7.906,0.0325,0.312011,33.224649
85.0162201,-1.3286573,0.0254,0.0260,-0.0039,7.813,0.017,62.8,3.418E+00,7.819,0.013,83.3,2.214E+00,1,0,0000,AA,10,58900.01251983,847001601351030178,7.863,0.028,7.855,0.020,7.840,0.024,7.381,0.148,108097748,8.524,0.0203,8.059,0.0398,7.906,0.0325,0.312631,43.779382
85.0162159,-1.3286533,0.0245,0.0240,-0.0093,8.290,0.015,73.8,1.326E+00,8.263,0.012,90.9,1.560E+00,1,0,0000,AA,10,58900.47030016,847001601351030178,7.863,0.028,7.855,0.020,7.840,0.024,7.381,0.148,108097748,8.524,0.0203,8.059,0.0398,7.906,0.0325,0.313265,39.958148
85.0162221,-1.3286590,0.0255,0.0217,0.0018,8.143,0.015,74.7,1.321E+00,8.124,0.014,79.4,1.081E+00,1,0,0000,AA,10,58536.76456442,847001601351030178,7.863,0.028,7.855,0.020,7.840,0.024,7.381,0.148,108097748,8.524,0.0203,8.059,0.0398,7.906,0.0325,0.313325,45.504270
85.0162202,-1.3286571,0.0271,0.0240,-0.0024,7.795,0.017,62.8,1.457E+00,7.791,0.013,85.8,2.940E+00,1,0,0000,AA,10,59995.90386757,847001601351030178,7.863,0.028,7.855,0.020,7.840,0.024,7.381,0.148,108097748,8.524,0.0203,8.059,0.0398,7.906,0.0325,0.313400,43.735815
85.0162340,-1.3286737,0.0274,0.0267,-0.0108,7.786,0.015,71.7,1.480E+00,7.776,0.013,80.6,2.292E+00,1,0,0000,AA,10,59267.64438728,847001601351030178,7.863,0.028,7.855,0.020,7.840,0.024,7.381,0.148,108097748,8.524,0.0203,8.059,0.0398,7.906,0.0325,0.314183,57.959859
85.0161852,-1.3286364,0.0274,0.0249,-0.0090,8.115,0.016,67.3,2.175E+00,8.065,0.013,84.5,1.014E+00,1,0,0000,AA,10,59996.61950845,847001601351030178,7.863,0.028,7.855,0.020,7.840,0.024,7.381,0.148,108097748,8.524,0.0203,8.059,0.0398,7.906,0.0325,0.314333,16.770410
85.0162392,-1.3286831,0.0289,0.0284,-0.0133,7.763,0.018,61.4,2.047E+00,7.742,0.015,70.7,1.662E+00,1,0,0000,AA,10,59995.64358815,847001601351030178,7.863,0.028,7.855,0.020,7.840,0.024,7.381,0.148,108097748,8.524,0.0203,8.059,0.0398,7.906,0.0325,0.314483,65.012863
85.0162365,-1.3286772,0.0259,0.0234,-0.0094,8.139,0.014,78.4,1.340E+00,8.128,0.013,86.8,7.201E-01,1,0,0000,AA,10,57647.05869586,847001601351030178,7.863,0.028,7.855,0.020,7.840,0.024,7.381,0.148,108097748,8.524,0.0203,8.059,0.0398,7.906,0.0325,0.315503,60.767420
85.0162241,-1.3286602,0.0272,0.0223,0.0047,7.793,0.016,69.2,6.987E+00,7.779,0.013,85.8,4.773E+00,1,0,0000,AA,5,59268.23281641,847001601351030178,7.863,0.028,7.855,0.020,7.840,0.024,7.381,0.148,108097748,8.524,0.0203,8.059,0.0398,7.906,0.0325,0.315548,46.979991
85.0162230,-1.3286590,0.0270,0.0244,-0.0060,7.753,0.015,70.0,1.019E+00,7.777,0.014,79.8,7.473E-01,1,0,0000,AA,10,59265.22598250,847001601351030178,7.863,0.028,7.855,0.020,7.840,0.024,7.381,0.148,108097748,8.524,0.0203,8.059,0.0398,7.906,0.0325,0.315653,45.916346
85.0162144,-1.3286512,0.0306,0.0265,-0.0065,7.858,0.018,61.9,1.578E+00,7.863,0.014,76.1,3.631E+00,1,0,0000,AA,10,57283.74711139,847001601351030178,7.863,0.028,7.855,0.020,7.840,0.024,7.381,0.148,108097748,8.524,0.0203,8.059,0.0398,7.906,0.0325,0.315713,38.325845
85.0162255,-1.3286612,0.0265,0.0241,-0.0047,7.714,0.019,58.6,9.677E-01,7.764,0.013,81.8,1.888E+00,1,0,0000,AA,10,57812.60075947,847001601351030178,7.863,0.028,7.855,0.020,7.840,0.024,7.381,0.148,108097748,8.524,0.0203,8.059,0.0398,7.906,0.0325,0.316833,48.077704
85.0162269,-1.3286626,0.0264,0.0259,-0.0115,8.040,0.019,57.3,2.569E+00,8.029,0.013,84.1,3.301E+00,1,0,0000,AA,10,57089.00677770,847001601351030178,7.863,0.028,7.855,0.020,7.840,0.024,7.381,0.148,108097748,8.524,0.0203,8.059,0.0398,7.906,0.0325,0.317295,49.362891
85.0162255,-1.3286605,0.0294,0.0276,-0.0069,7.777,0.019,56.8,1.134E+00,7.778,0.014,77.6,1.474E+00,1,0,0000,AA,10,58378.52274597,847001601351030178,7.863,0.028,7.855,0.020,7.840,0.024,7.381,0.148,108097748,8.524,0.0203,8.059,0.0398,7.906,0.0325,0.318513,47.740420
85.0162299,-1.3286654,0.0270,0.0273,-0.0088,7.863,0.022,50.5,9.695E-01,7.953,0.014,76.9,1.878E+00,1,0,0000,AA,10,57654.39580453,847001601351030178,7.863,0.028,7.855,0.020,7.840,0.024,7.381,0.148,108097748,8.524,0.0203,8.059,0.0398,7.906,0.0325,0.319254,51.998566
85.0162195,-1.3286542,0.0285,0.0256,-0.0079,7.731,0.018,60.1,1.172E+00,7.784,0.015,73.8,1.085E+00,1,0,0000,AA,10,58378.71897360,847001601351030178,7.863,0.028,7.855,0.020,7.840,0.024,7.381,0.148,108097748,8.524,0.0203,8.059,0.0398,7.906,0.0325,0.319328,42.113966
85.0162112,-1.3286475,0.0258,0.0221,-0.0074,7.750,0.016,67.3,1.589E+00,7.773,0.013,83.0,1.497E+00,1,0,0000,AA,10,58169.20402431,847001601351030178,7.863,0.028,7.855,0.020,7.840,0.024,7.381,0.148,108097748,8.524,0.0203,8.059,0.0398,7.906,0.0325,0.319490,35.222743
85.0162204,-1.3286545,0.0300,0.0250,0.0082,7.761,0.018,59.0,1.976E+00,7.748,0.014,78.1,2.366E+00,1,0,0000,AA,5,58742.34508294,847001601351030178,7.863,0.028,7.855,0.020,7.840,0.024,7.381,0.148,108097748,8.524,0.0203,8.059,0.0398,7.906,0.0325,0.320715,42.672634
85.0162434,-1.3286883,0.0240,0.0227,-0.0070,7.991,0.013,82.0,2.497E+00,7.958,0.013,86.3,1.330E+00,1,0,0000,AA,10,57646.92766468,847001601351030178,7.863,0.028,7.855,0.020,7.840,0.024,7.381,0.148,108097748,8.524,0.0203,8.059,0.0398,7.906,0.0325,0.321127,69.183290
85.0162252,-1.3286590,0.0244,0.0202,0.0064,7.743,0.017,64.8,1.082E+00,7.794,0.011,97.5,3.775E+00,1,0,0000,AA,10,58169.07311998,847001601351030178,7.863,0.028,7.855,0.020,7.840,0.024,7.381,0.148,108097748,8.524,0.0203,8.059,0.0398,7.906,0.0325,0.321392,46.898443
85.0162226,-1.3286563,0.0281,0.0241,0.0041,7.790,0.018,59.1,1.841E+00,7.834,0.013,80.6,2.600E+00,1,0,0000,AA,10,59632.23709169,847001601351030178,7.863,0.028,7.855,0.020,7.840,0.024,7.381,0.148,108097748,8.524,0.0203,8.059,0.0398,7.906,0.0325,0.321480,44.493298
85.0162227,-1.3286562,0.0260,0.0258,-0.0025,7.863,0.019,57.5,6.666E-01,7.854,0.013,84.8,1.854E+00,1,0,0000,AA,10,57089.13806374,847001601351030178,7.863,0.028,7.855,0.020,7.840,0.024,7.381,0.148,108097748,8.524,0.0203,8.059,0.0398,7.906,0.0325,0.321979,44.494087
85.0162377,-1.3286753,0.0275,0.0242,-0.0096,7.759,0.017,63.0,3.601E+00,7.767,0.012,89.1,3.613E+00,1,0,0000,AA,5,59631.84514485,847001601351030178,7.863,0.028,7.855,0.020,7.840,0.024,7.381,0.148,108097748,8.524,0.0203,8.059,0.0398,7.906,0.0325,0.322639,60.081971
85.0162380,-1.3286758,0.0273,0.0244,-0.0096,8.457,0.014,79.5,1.595E+00,8.439,0.015,74.5,1.082E+00,1,0,0000,AA,10,58900.53524258,847001601351030178,7.863,0.028,7.855,0.020,7.840,0.024,7.381,0.148,108097748,8.524,0.0203,8.059,0.0398,7.906,0.0325,0.322683,60.454609
85.0162101,-1.3286455,0.0289,0.0306,-0.0124,7.854,0.020,54.0,2.296E+00,7.877,0.015,71.2,3.029E+00,1,0,0000,AA,10,58536.50288447,847001601351030178,7.863,0.028,7.855,0.020,7.840,0.024,7.381,0.148,108097748,8.524,0.0203,8.059,0.0398,7.906,0.0325,0.323180,33.913036
85.0162195,-1.3286524,0.0291,0.0248,-0.0071,7.750,0.016,66.9,7.287E-01,7.773,0.014,75.0,1.342E+00,1,0,0000,AA,10,59265.09520625,847001601351030178,7.863,0.028,7.855,0.020,7.840,0.024,7.381,0.148,108097748,8.524,0.0203,8.059,0.0398,7.906,0.0325,0.324158,41.345868
85.0162204,-1.3286532,0.0251,0.0211,-0.0067,8.080,0.014,75.7,1.328E+00,8.077,0.012,90.3,8.913E-01,1,0,0000,AA,10,59996.35935649,847001601351030178,7.863,0.028,7.855,0.020,7.840,0.024,7.381,0.148,108097748,8.524,0.0203,8.059,0.0398,7.906,0.0325,0.324172,42.111958
85.0162233,-1.3286558,0.0291,0.0244,0.0057,7.814,0.020,55.1,1.454E+00,7.789,0.013,84.9,1.833E+00,1,0,0000,AA,10,58901.12392639,847001601351030178,7.863,0.028,7.855,0.020,7.840,0.024,7.381,0.148,108097748,8.524,0.0203,8.059,0.0398,7.906,0.0325,0.324522,44.587864
85.0162332,-1.3286665,0.0257,0.0247,-0.0031,7.774,0.017,65.5,7.283E+00,7.763,0.012,87.9,4.087E+00,1,0,0000,AA,5,59110.10364500,847001601351030178,7.863,0.028,7.855,0.020,7.840,0.024,7.381,0.148,108097748,8.524,0.0203,8.059,0.0398,7.906,0.0325,0.326350,53.830550
85.0162248,-1.3286563,0.0254,0.0245,-0.0078,7.749,0.019,57.6,7.657E-01,7.796,0.012,92.9,2.424E+00,1,0,0000,AA,10,57647.64827235,847001601351030178,7.863,0.028,7.855,0.020,7.840,0.024,7.381,0.148,108097748,8.524,0.0203,8.059,0.0398,7.906,0.0325,0.327073,45.482756
85.0162324,-1.3286648,0.0288,0.0243,-0.0020,7.739,0.019,56.7,2.465E+00,7.776,0.014,78.7,1.865E+00,1,0,0000,AA,10,60004.10076539,847001601351030178,7.863,0.028,7.855,0.020,7.840,0.024,7.381,0.148,108097748,8.524,0.0203,8.059,0.0398,7.906,0.0325,0.327694,52.669553
85.0162143,-1.3286468,0.0264,0.0226,-0.0025,7.773,0.017,64.3,2.610E+00,7.805,0.013,84.9,4.163E+00,1,0,0000,AA,10,60205.71565712,847001601351030178,7.863,0.028,7.855,0.020,7.840,0.024,7.381,0.148,108097748,8.524,0.0203,8.059,0.0398,7.906,0.0325,0.328083,36.560774
85.0162498,-1.3287042,0.0244,0.0242,-0.0058,8.303,0.014,75.1,2.171E+00,8.312,0.013,81.3,4.814E+00,1,0,0000,AA,10,57088.87536486,847001601351030178,7.863,0.028,7.855,0.020,7.840,0.024,7.381,0.148,108097748,8.524,0.0203,8.059,0.0398,7.906,0.0325,0.328155,80.018512
85.0162222,-1.3286526,0.0271,0.0249,0.0051,8.439,0.016,69.9,2.074E+00,8.417,0.013,80.7,1.263E+00,1,0,0000,AA,5,57088.80965845,847001601351030178,7.863,0.028,7.855,0.020,7.840,0.024,7.381,0.148,108097748,8.524,0.0203,8.059,0.0398,7.906,0.0325,0.330135,42.694650
85.0162349,-1.3286668,0.0228,0.0206,-0.0087,8.018,0.015,71.9,1.506E+00,8.026,0.011,98.4,1.453E+00,1,0,0000,AA,10,56729.47741663,847001601351030178,7.863,0.028,7.855,0.020,7.840,0.024,7.381,0.148,108097748,8.524,0.0203,8.059,0.0398,7.906,0.0325,0.330678,54.607296
85.0162420,-1.3286777,0.0261,0.0270,0.0023,7.777,0.020,54.6,2.446E+00,7.777,0.013,80.5,3.094E+00,1,0,0000,AA,5,58169.26947650,847001601351030178,7.863,0.028,7.855,0.020,7.840,0.024,7.381,0.148,108097748,8.524,0.0203,8.059,0.0398,7.906,0.0325,0.332089,62.706611
85.0162321,-1.3286624,0.0254,0.0213,-0.0039,7.729,0.015,70.1,1.257E+00,7.754,0.012,88.9,2.143E+00,1,0,0000,AA,10,58169.79309412,847001601351030178,7.863,0.028,7.855,0.020,7.840,0.024,7.381,0.148,108097748,8.524,0.0203,8.059,0.0398,7.906,0.0325,0.332161,51.371464
85.0162281,-1.3286574,0.0255,0.0234,-0.0104,7.828,0.014,76.1,9.123E-01,7.810,0.013,86.3,1.393E+00,1,0,0000,AA,10,56730.00421325,847001601351030178,7.863,0.028,7.855,0.020,7.840,0.024,7.381,0.148,108097748,8.524,0.0203,8.059,0.0398,7.906,0.0325,0.332956,47.401972
85.0162212,-1.3286492,0.0239,0.0234,-0.0084,7.765,0.015,74.4,9.644E-01,7.757,0.013,82.3,3.107E+00,1,0,0000,AA,10,57647.77930348,847001601351030178,7.863,0.028,7.855,0.020,7.840,0.024,7.381,0.148,108097748,8.524,0.0203,8.059,0.0398,7.906,0.0325,0.336863,40.832736
85.0162320,-1.3286600,0.0284,0.0243,-0.0113,7.845,0.015,74.0,1.114E+00,7.856,0.014,79.4,1.114E+00,1,0,0000,AA,10,57283.02561311,847001601351030178,7.863,0.028,7.855,0.020,7.840,0.024,7.381,0.148,108097748,8.524,0.0203,8.059,0.0398,7.906,0.0325,0.337353,50.186852
85.0162406,-1.3286718,0.0257,0.0228,-0.0045,7.750,0.018,60.2,1.005E+00,7.766,0.012,87.4,7.845E-01,1,0,0000,AA,10,56730.33350889,847001601351030178,7.863,0.028,7.855,0.020,7.840,0.024,7.381,0.148,108097748,8.524,0.0203,8.059,0.0398,7.906,0.0325,0.338025,59.113162
85.0162317,-1.3286583,0.0282,0.0240,-0.0064,8.194,0.016,67.9,2.629E+00,8.155,0.014,78.5,1.384E+00,1,0,0000,AA,10,59841.09288387,847001601351030178,7.863,0.028,7.855,0.020,7.840,0.024,7.381,0.148,108097748,8.524,0.0203,8.059,0.0398,7.906,0.0325,0.340475,49.279401
85.0162364,-1.3286639,0.0270,0.0231,-0.0077,7.764,0.018,61.9,1.633E+00,7.779,0.012,89.4,1.333E+00,1,0,0000,AA,10,58378.52261856,847001601351030178,7.863,0.028,7.855,0.020,7.840,0.024,7.381,0.148,108097748,8.524,0.0203,8.059,0.0398,7.906,0.0325,0.341168,53.703066
85.0162129,-1.3286411,0.0240,0.0211,-0.0030,7.805,0.017,64.9,4.726E+00,7.781,0.011,99.0,2.668E+00,1,0,0000,AA,10,59109.90754487,847001601351030178,7.863,0.028,7.855,0.020,7.840,0.024,7.381,0.148,108097748,8.524,0.0203,8.059,0.0398,7.906,0.0325,0.341942,33.833500
85.0162382,-1.3286657,0.0245,0.0240,-0.0082,7.808,0.017,65.0,7.540E+00,7.778,0.013,83.5,1.321E+00,1,0,0000,AA,10,57812.14234117,847001601351030178,7.863,0.028,7.855,0.020,7.840,0.024,7.381,0.148,108097748,8.524,0.0203,8.059,0.0398,7.906,0.0325,0.342674,55.217697
85.0162247,-1.3286500,0.0278,0.0237,-0.0113,7.693,0.016,67.8,1.849E+00,7.761,0.013,84.3,1.069E+00,1,0,0000,AA,10,56920.93089178,847001601351030178,7.863,0.028,7.855,0.020,7.840,0.024,7.381,0.148,108097748,8.524,0.0203,8.059,0.0398,7.906,0.0325,0.343115,42.739084
85.0162266,-1.3286515,0.0253,0.0208,-0.0058,7.808,0.016,69.0,1.086E+00,7.803,0.011,97.3,1.898E+00,1,0,0000,AA,10,58536.43743258,847001601351030178,7.863,0.028,7.855,0.020,7.840,0.024,7.381,0.148,108097748,8.524,0.0203,8.059,0.0398,7.906,0.0325,0.343898,44.186565
85.0162385,-1.3286654,0.0227,0.0227,-0.0080,7.923,0.014,75.3,1.838E+00,7.896,0.013,85.2,1.396E+00,1,0,0000,AA,10,56729.93837958,847001601351030178,7.863,0.028,7.855,0.020,7.840,0.024,7.381,0.148,108097748,8.524,0.0203,8.059,0.0398,7.906,0.0325,0.344173,55.172566
85.0162060,-1.3286359,0.0227,0.0238,-0.0065,7.732,0.017,64.1,1.347E+00,7.806,0.012,92.8,3.994E+00,1,0,0000,AA,10,59841.81017771,847001601351030178,7.863,0.028,7.855,0.020,7.840,0.024,7.381,0.148,108097748,8.524,0.0203,8.059,0.0398,7.906,0.0325,0.345064,28.670758
85.0162398,-1.3286666,0.0283,0.0253,-0.0092,8.103,0.017,65.8,3.506E+00,8.081,0.014,78.1,9.600E-01,1,0,0000,AA,10,57818.49449134,847001601351030178,7.863,0.028,7.855,0.020,7.840,0.024,7.381,0.148,108097748,8.524,0.0203,8.059,0.0398,7.906,0.0325,0.345597,56.203512
85.0162043,-1.3286344,0.0251,0.0220,-0.0054,7.732,0.015,71.7,4.186E+00,7.736,0.012,87.9,5.192E+00,1,0,0000,AA,5,59268.10204031,847001601351030178,7.863,0.028,7.855,0.020,7.840,0.024,7.381,0.148,108097748,8.524,0.0203,8.059,0.0398,7.906,0.0325,0.346961,27.356333
85.0162322,-1.3286561,0.0249,0.0263,-0.0086,8.349,0.018,58.8,1.316E+00,8.338,0.012,87.0,6.409E-01,1,0,0000,AA,5,57283.28805747,847001601351030178,7.863,0.028,7.855,0.020,7.840,0.024,7.381,0.148,108097748,8.524,0.0203,8.059,0.0398,7.906,0.0325,0.347043,48.482190
85.0162355,-1.3286596,0.0268,0.0237,-0.0119,8.233,0.015,70.9,1.901E+00,8.195,0.013,82.5,1.865E+00,1,0,0000,AA,10,58743.19544444,847001601351030178,7.863,0.028,7.855,0.020,7.840,0.024,7.381,0.148,108097748,8.524,0.0203,8.059,0.0398,7.906,0.0325,0.348022,51.332677
85.0162426,-1.3286697,0.0275,0.0229,-0.0096,7.780,0.014,76.0,3.316E+00,7.768,0.013,82.1,1.283E+00,1,0,0000,AA,10,58169.92399854,847001601351030178,7.863,0.028,7.855,0.020,7.840,0.024,7.381,0.148,108097748,8.524,0.0203,8.059,0.0398,7.906,0.0325,0.348089,58.653462
85.0162340,-1.3286575,0.0291,0.0236,-0.0039,7.756,0.015,70.4,9.101E-01,7.790,0.013,83.9,9.351E-01,1,0,0000,AA,10,58378.19548767,847001601351030178,7.863,0.028,7.855,0.020,7.840,0.024,7.381,0.148,108097748,8.524,0.0203,8.059,0.0398,7.906,0.0325,0.348645,49.808150
85.0162321,-1.3286548,0.0288,0.0284,0.0050,8.336,0.018,59.3,9.606E-01,8.334,0.014,78.0,7.340E-01,1,0,g000,AA,10,57283.28793010,847001601351030178,7.863,0.028,7.855,0.020,7.840,0.024,7.381,0.148,108097748,8.524,0.0203,8.059,0.0398,7.906,0.0325,0.349903,47.869310
85.0162349,-1.3286579,0.0276,0.0244,-0.0081,8.045,0.015,71.5,3.939E+00,7.896,0.014,80.3,1.975E+00,1,0,0000,AA,10,57647.38621008,847001601351030178,7.863,0.028,7.855,0.020,7.840,0.024,7.381,0.148,108097748,8.524,0.0203,8.059,0.0398,7.906,0.0325,0.350213,50.330117
85.0162201,-1.3286434,0.0303,0.0254,-0.0089,7.880,0.019,56.7,8.576E+00,7.883,0.013,82.5,1.081E+01,1,0,0000,AA,5,57447.63496389,847001601351030178,7.863,0.028,7.855,0.020,7.840,0.024,7.381,0.148,108097748,8.524,0.0203,8.059,0.0398,7.906,0.0325,0.350470,38.110083
85.0162442,-1.3286710,0.0258,0.0222,-0.0099,8.032,0.016,68.1,2.030E+00,7.994,0.013,85.8,1.890E+00,1,0,0000,AA,10,57647.32075812,847001601351030178,7.863,0.028,7.855,0.020,7.840,0.024,7.381,0.148,108097748,8.524,0.0203,8.059,0.0398,7.906,0.0325,0.350645,59.796134
85.0162569,-1.3287086,0.0267,0.0235,-0.0087,7.821,0.016,68.3,1.257E+01,7.789,0.012,89.9,1.095E+01,1,0,0000,AA,5,58742.34495563,847001601351030178,7.863,0.028,7.855,0.020,7.840,0.024,7.381,0.148,108097748,8.524,0.0203,8.059,0.0398,7.906,0.0325,0.351156,83.288376
85.0162395,-1.3286631,0.0314,0.0268,-0.0051,8.072,0.021,51.1,2.695E+00,8.046,0.014,80.3,1.748E+00,1,0,0000,AA,10,59996.61963576,847001601351030178,7.863,0.028,7.855,0.020,7.840,0.024,7.381,0.148,108097748,8.524,0.0203,8.059,0.0398,7.906,0.0325,0.351895,54.400528
85.0162224,-1.3286446,0.0271,0.0242,-0.0089,7.725,0.016,66.4,1.384E+00,7.751,0.013,84.9,1.137E+00,1,0,0000,AA,10,56921.06243191,847001601351030178,7.863,0.028,7.855,0.020,7.840,0.024,7.381,0.148,108097748,8.524,0.0203,8.059,0.0398,7.906,0.0325,0.352298,39.603121
85.0162251,-1.3286457,0.0245,0.0220,-0.0075,7.910,0.014,77.3,1.830E+00,7.916,0.012,89.5,9.649E-01,1,0,0000,AA,5,57089.07235733,847001601351030178,7.863,0.028,7.855,0.020,7.840,0.024,7.381,0.148,108097748,8.524,0.0203,8.059,0.0398,7.906,0.0325,0.355581,41.216483
85.0162478,-1.3286742,0.0284,0.0220,-0.0074,7.713,0.017,64.3,1.540E+00,7.762,0.012,87.9,1.961E+00,1,0,0000,AA,10,58169.66218971,847001601351030178,7.863,0.028,7.855,0.020,7.840,0.024,7.381,0.148,108097748,8.524,0.0203,8.059,0.0398,7.906,0.0325,0.356430,62.445331
85.0162440,-1.3286673,0.0273,0.0235,-0.0050,7.667,0.016,66.9,2.170E+00,7.757,0.013,82.8,1.236E+00,1,0,0000,AA,10,58014.62821578,847001601351030178,7.863,0.028,7.855,0.020,7.840,0.024,7.381,0.148,108097748,8.524,0.0203,8.059,0.0398,7.906,0.0325,0.356920,57.889687
85.0162368,-1.3286569,0.0254,0.0222,-0.0081,7.888,0.015,70.1,1.185E+00,7.916,0.012,88.3,1.588E+00,1,0,0000,AA,10,58742.73753784,847001601351030178,7.863,0.028,7.855,0.020,7.840,0.024,7.381,0.148,108097748,8.524,0.0203,8.059,0.0398,7.906,0.0325,0.357779,50.585419
85.0162347,-1.3286544,0.0259,0.0241,-0.0041,8.003,0.015,73.0,6.640E-01,7.999,0.013,85.2,1.010E+00,1,0,0000,AA,10,58536.63366076,847001601351030178,7.863,0.028,7.855,0.020,7.840,0.024,7.381,0.148,108097748,8.524,0.0203,8.059,0.0398,7.906,0.0325,0.357845,48.703426
85.0162350,-1.3286546,0.0260,0.0222,-0.0119,7.748,0.015,74.5,6.331E-01,7.757,0.012,92.4,1.272E+00,1,0,0000,AA,10,56730.46517622,847001601351030178,7.863,0.028,7.855,0.020,7.840,0.024,7.381,0.148,108097748,8.524,0.0203,8.059,0.0398,7.906,0.0325,0.358175,48.903940
85.0162356,-1.3286551,0.0255,0.0241,-0.0093,7.765,0.015,72.2,7.767E+00,7.726,0.013,80.8,6.493E+00,1,0,0000,AA,5,59474.03046426,847001601351030178,7.863,0.028,7.855,0.020,7.840,0.024,7.381,0.148,108097748,8.524,0.0203,8.059,0.0398,7.906,0.0325,0.358636,49.347430
85.0162235,-1.3286431,0.0257,0.0265,-0.0055,8.444,0.017,64.2,1.286E+00,8.437,0.014,76.7,2.166E+00,1,0,0000,AA,5,56921.91750623,847001601351030178,7.863,0.028,7.855,0.020,7.840,0.024,7.381,0.148,108097748,8.524,0.0203,8.059,0.0398,7.906,0.0325,0.358992,39.540550
85.0162397,-1.3286600,0.0248,0.0249,-0.0090,7.768,0.017,64.9,1.279E+00,7.775,0.014,77.2,1.563E+00,1,0,0000,AA,10,58748.23292234,847001601351030178,7.863,0.028,7.855,0.020,7.840,0.024,7.381,0.148,108097748,8.524,0.0203,8.059,0.0398,7.906,0.0325,0.359071,53.019319
85.0162423,-1.3286631,0.0252,0.0231,-0.0088,7.729,0.015,72.4,1.245E+00,7.748,0.012,89.6,1.188E+00,1,0,0000,AA,10,58014.03902273,847001601351030178,7.863,0.028,7.855,0.020,7.840,0.024,7.381,0.148,108097748,8.524,0.0203,8.059,0.0398,7.906,0.0325,0.360134,55.333857
85.0162362,-1.3286549,0.0263,0.0221,0.0092,7.995,0.018,59.7,4.436E+00,8.006,0.012,93.3,3.129E+00,1,0,0000,AA,10,58742.80298947,847001601351030178,7.863,0.028,7.855,0.020,7.840,0.024,7.381,0.148,108097748,8.524,0.0203,8.059,0.0398,7.906,0.0325,0.360737,49.484109
85.0161981,-1.3286270,0.0250,0.0242,-0.0111,7.766,0.015,71.7,2.202E+01,7.797,0.014,79.7,3.714E+01,1,0,0000,AA,0,59838.35371990,847001601351030178,7.863,0.028,7.855,0.020,7.840,0.024,7.381,0.148,108097748,8.524,0.0203,8.059,0.0398,7.906,0.0325,0.361796,22.272401
85.0162469,-1.3286694,0.0267,0.0250,-0.0085,7.777,0.015,73.1,7.695E-01,7.800,0.013,80.9,1.032E+00,1,0,0000,AA,10,57448.48711139,847001601351030178,7.863,0.028,7.855,0.020,7.840,0.024,7.381,0.148,108097748,8.524,0.0203,8.059,0.0398,7.906,0.0325,0.361940,59.781978
85.0162319,-1.3286496,0.0270,0.0244,-0.0102,8.036,0.016,67.9,1.206E+00,8.018,0.013,83.2,1.244E+00,1,0,0000,AA,10,57283.15677194,847001601351030178,7.863,0.028,7.855,0.020,7.840,0.024,7.381,0.148,108097748,8.524,0.0203,8.059,0.0398,7.906,0.0325,0.362201,45.596238
85.0162160,-1.3286359,0.0253,0.0228,0.0037,8.121,0.015,71.4,2.584E+00,8.116,0.013,80.5,2.375E+00,1,0,0000,AA,10,56729.74087860,847001601351030178,7.863,0.028,7.855,0.020,7.840,0.024,7.381,0.148,108097748,8.524,0.0203,8.059,0.0398,7.906,0.0325,0.363710,33.651505
85.0162392,-1.3286571,0.0279,0.0262,-0.0096,7.718,0.017,62.5,8.749E-01,7.765,0.014,77.0,2.353E+00,1,0,0000,AA,10,57647.91033466,847001601351030178,7.863,0.028,7.855,0.020,7.840,0.024,7.381,0.148,108097748,8.524,0.0203,8.059,0.0398,7.906,0.0325,0.364035,51.536178
85.0162302,-1.3286467,0.0262,0.0235,-0.0094,7.796,0.018,58.9,6.786E-01,7.793,0.011,95.5,1.657E+00,1,0,0000,AA,10,56921.45705218,847001601351030178,7.863,0.028,7.855,0.020,7.840,0.024,7.381,0.148,108097748,8.524,0.0203,8.059,0.0398,7.906,0.0325,0.365330,43.754748
85.0162329,-1.3286493,0.0214,0.0229,-0.0087,7.787,0.016,69.3,2.809E+00,7.790,0.011,98.0,5.215E+00,1,0,0000,AA,10,58015.02105331,847001601351030178,7.863,0.028,7.855,0.020,7.840,0.024,7.381,0.148,108097748,8.524,0.0203,8.059,0.0398,7.906,0.0325,0.365537,45.870023
85.0162462,-1.3286662,0.0282,0.0226,0.0060,7.807,0.015,73.7,1.396E+01,7.775,0.013,84.6,1.074E+01,1,0,0000,AA,5,59838.15812903,847001601351030178,7.863,0.028,7.855,0.020,7.840,0.024,7.381,0.148,108097748,8.524,0.0203,8.059,0.0398,7.906,0.0325,0.365731,58.023559
85.0162487,-1.3286704,0.0266,0.0231,-0.0101,7.746,0.017,64.1,2.552E+00,7.750,0.014,75.4,4.202E+00,1,0,0000,AA,10,57812.20779310,847001601351030178,7.863,0.028,7.855,0.020,7.840,0.024,7.381,0.148,108097748,8.524,0.0203,8.059,0.0398,7.906,0.0325,0.365782,60.780028
85.0162328,-1.3286488,0.0270,0.0234,-0.0042,8.171,0.015,73.0,1.187E+00,8.143,0.013,86.4,1.756E+00,1,0,0000,AA,10,57283.22235102,847001601351030178,7.863,0.028,7.855,0.020,7.840,0.024,7.381,0.148,108097748,8.524,0.0203,8.059,0.0398,7.906,0.0325,0.366531,45.628893
85.0162348,-1.3286505,0.0256,0.0254,0.0079,7.754,0.018,59.9,4.320E+00,7.786,0.013,84.8,3.676E+00,1,0,0000,AA,10,57812.14221381,847001601351030178,7.863,0.028,7.855,0.020,7.840,0.024,7.381,0.148,108097748,8.524,0.0203,8.059,0.0398,7.906,0.0325,0.367522,47.095791
85.0162302,-1.3286458,0.0264,0.0243,-0.0109,7.866,0.017,64.0,6.716E+00,7.779,0.014,79.7,2.564E+00,1,0,0000,AA,10,58536.37198080,847001601351030178,7.863,0.028,7.855,0.020,7.840,0.024,7.381,0.148,108097748,8.524,0.0203,8.059,0.0398,7.906,0.0325,0.367676,43.405574
85.0162399,-1.3286557,0.0286,0.0261,0.0043,8.023,0.018,61.0,2.465E+00,8.004,0.013,81.0,1.127E+00,1,0,0000,AA,10,57089.00665090,847001601351030178,7.863,0.028,7.855,0.020,7.840,0.024,7.381,0.148,108097748,8.524,0.0203,8.059,0.0398,7.906,0.0325,0.369150,51.166896
85.0162447,-1.3286619,0.0261,0.0227,-0.0098,7.800,0.015,73.8,1.112E+00,7.784,0.012,92.4,8.704E-01,1,0,0000,AA,10,58536.30652892,847001601351030178,7.863,0.028,7.855,0.020,7.840,0.024,7.381,0.148,108097748,8.524,0.0203,8.059,0.0398,7.906,0.0325,0.369700,55.544623
85.0162273,-1.3286423,0.0285,0.0230,0.0106,7.718,0.019,57.1,7.354E-01,7.752,0.013,83.9,1.743E+00,1,0,0000,AA,10,58014.89014993,847001601351030178,7.863,0.028,7.855,0.020,7.840,0.024,7.381,0.148,108097748,8.524,0.0203,8.059,0.0398,7.906,0.0325,0.370019,40.889911
85.0162523,-1.3286743,0.0287,0.0256,0.0014,7.741,0.017,64.6,7.681E+00,7.751,0.014,79.6,6.881E+00,1,0,0000,AA,10,58535.91394525,847001601351030178,7.863,0.028,7.855,0.020,7.840,0.024,7.381,0.148,108097748,8.524,0.0203,8.059,0.0398,7.906,0.0325,0.370695,63.652730
85.0162350,-1.3286488,0.0260,0.0264,-0.0052,8.454,0.017,64.5,2.574E+00,8.439,0.014,77.3,1.816E+00,1,0,0000,AA,5,57283.41921573,847001601351030178,7.863,0.028,7.855,0.020,7.840,0.024,7.381,0.148,108097748,8.524,0.0203,8.059,0.0398,7.906,0.0325,0.372234,46.481192
85.0162469,-1.3286639,0.0308,0.0261,-0.0105,8.006,0.017,64.2,1.895E+00,8.016,0.014,76.5,2.367E+00,1,0,0000,AA,10,57811.88027807,847001601351030178,7.863,0.028,7.855,0.020,7.840,0.024,7.381,0.148,108097748,8.524,0.0203,8.059,0.0398,7.906,0.0325,0.372297,57.147922
85.0162152,-1.3286321,0.0239,0.0217,0.0076,7.843,0.016,65.9,7.018E+00,7.867,0.012,93.4,3.733E+00,1,0,0000,AA,10,59632.36774059,847001601351030178,7.863,0.028,7.855,0.020,7.840,0.024,7.381,0.148,108097748,8.524,0.0203,8.059,0.0398,7.906,0.0325,0.373640,32.121322
85.0162442,-1.3286592,0.0254,0.0247,0.0073,7.790,0.016,65.9,3.215E+00,7.754,0.012,87.3,3.293E+00,1,0,0000,AA,10,58378.45716693,847001601351030178,7.863,0.028,7.855,0.020,7.840,0.024,7.381,0.148,108097748,8.524,0.0203,8.059,0.0398,7.906,0.0325,0.373817,54.160004
85.0162493,-1.3286658,0.0266,0.0236,-0.0071,7.751,0.016,67.8,7.872E-01,7.783,0.013,84.7,3.200E-01,1,0,0000,AA,10,57812.33869693,847001601351030178,7.863,0.028,7.855,0.020,7.840,0.024,7.381,0.148,108097748,8.524,0.0203,8.059,0.0398,7.906,0.0325,0.375984,58.737807
85.0162552,-1.3286755,0.0287,0.0267,-0.0124,7.912,0.018,59.8,3.994E+00,7.901,0.014,76.3,4.663E+00,1,0,g000,AA,10,57447.63509125,847001601351030178,7.863,0.028,7.855,0.020,7.840,0.024,7.381,0.148,108097748,8.524,0.0203,8.059,0.0398,7.906,0.0325,0.378226,64.940965
85.0162485,-1.3286625,0.0255,0.0223,-0.0067,7.816,0.017,65.7,9.608E+00,7.772,0.011,95.8,3.932E+00,1,0,0000,AA,5,59474.35721347,847001601351030178,7.863,0.028,7.855,0.020,7.840,0.024,7.381,0.148,108097748,8.524,0.0203,8.059,0.0398,7.906,0.0325,0.379871,56.980473
85.0162518,-1.3286678,0.0257,0.0247,-0.0083,8.034,0.017,64.6,1.716E+00,8.031,0.013,82.9,8.994E-01,1,0,0000,AA,10,56729.80671221,847001601351030178,7.863,0.028,7.855,0.020,7.840,0.024,7.381,0.148,108097748,8.524,0.0203,8.059,0.0398,7.906,0.0325,0.380095,60.369631
85.0162372,-1.3286471,0.0252,0.0230,-0.0068,7.742,0.015,73.5,5.641E+00,7.750,0.013,81.3,3.817E+00,1,0,0000,AA,10,58014.43186016,847001601351030178,7.863,0.028,7.855,0.020,7.840,0.024,7.381,0.148,108097748,8.524,0.0203,8.059,0.0398,7.906,0.0325,0.382189,46.633246
85.0162458,-1.3286573,0.0258,0.0218,-0.0053,7.791,0.015,71.4,1.056E+00,7.792,0.012,92.4,1.318E+00,1,0,0000,AA,10,57812.27324500,847001601351030178,7.863,0.028,7.855,0.020,7.840,0.024,7.381,0.148,108097748,8.524,0.0203,8.059,0.0398,7.906,0.0325,0.382498,53.834476
85.0162327,-1.3286424,0.0270,0.0231,0.0057,8.167,0.016,69.2,1.667E+00,8.147,0.013,83.7,2.539E+00,1,0,0000,AA,5,56921.78596615,847001601351030178,7.863,0.028,7.855,0.020,7.840,0.024,7.381,0.148,108097748,8.524,0.0203,8.059,0.0398,7.906,0.0325,0.382757,43.125049
85.0162481,-1.3286585,0.0227,0.0217,-0.0067,7.750,0.013,82.4,4.538E+00,7.742,0.012,91.8,1.361E+00,1,0,0000,AA,10,56920.79935162,847001601351030178,7.863,0.028,7.855,0.020,7.840,0.024,7.381,0.148,108097748,8.524,0.0203,8.059,0.0398,7.906,0.0325,0.386722,55.075017
85.0162566,-1.3286728,0.0292,0.0260,-0.0080,8.743,0.015,74.9,1.282E+02,8.778,0.014,79.3,4.884E+01,1,0,hh00,AA,0,59838.41891692,847001601351030178,7.863,0.028,7.855,0.020,7.840,0.024,7.381,0.148,108097748,8.524,0.0203,8.059,0.0398,7.906,0.0325,0.386967,63.953195
85.0162480,-1.3286580,0.0254,0.0226,0.0038,7.805,0.015,71.9,3.860E+00,7.800,0.012,87.6,1.829E+00,1,0,0000,AA,5,57089.26934912,847001601351030178,7.863,0.028,7.855,0.020,7.840,0.024,7.381,0.148,108097748,8.524,0.0203,8.059,0.0398,7.906,0.0325,0.387467,54.826310
85.0162569,-1.3286728,0.0261,0.0250,-0.0076,7.772,0.016,67.7,1.774E+00,7.770,0.014,79.6,1.421E+00,1,0,0000,AA,5,56730.20171424,847001601351030178,7.863,0.028,7.855,0.020,7.840,0.024,7.381,0.148,108097748,8.524,0.0203,8.059,0.0398,7.906,0.0325,0.387942,64.023217
85.0162518,-1.3286624,0.0247,0.0247,-0.0077,7.782,0.016,66.7,3.033E+01,7.814,0.011,94.6,2.349E+01,1,0,0000,AA,0,59267.38283493,847001601351030178,7.863,0.028,7.855,0.020,7.840,0.024,7.381,0.148,108097748,8.524,0.0203,8.059,0.0398,7.906,0.0325,0.390067,57.886808
85.0162513,-1.3286614,0.0239,0.0235,-0.0052,7.732,0.017,62.4,4.257E+00,7.779,0.012,93.6,3.241E+00,1,0,0000,AA,5,57448.35595297,847001601351030178,7.863,0.028,7.855,0.020,7.840,0.024,7.381,0.148,108097748,8.524,0.0203,8.059,0.0398,7.906,0.0325,0.390478,57.299022
85.0161726,-1.3286121,0.0229,0.0257,-0.0065,7.785,0.015,74.3,1.181E+02,7.959,0.012,90.5,1.302E+02,1,0,0000,AA,0,59838.09280473,847001601351030178,7.863,0.028,7.855,0.020,7.840,0.024,7.381,0.148,108097748,8.524,0.0203,8.059,0.0398,7.906,0.0325,0.391083,6.658762
85.0162298,-1.3286364,0.0254,0.0215,0.0076,7.750,0.017,65.7,1.504E+00,7.778,0.012,93.7,2.253E+00,1,0,0000,AA,10,57812.40427624,847001601351030178,7.863,0.028,7.855,0.020,7.840,0.024,7.381,0.148,108097748,8.524,0.0203,8.059,0.0398,7.906,0.0325,0.392024,39.851880
85.0162309,-1.3286359,0.0282,0.0266,-0.0131,7.786,0.014,77.6,3.155E+00,7.730,0.014,79.4,2.030E+00,1,0,0000,AA,5,58174.11230338,847001601351030178,7.863,0.028,7.855,0.020,7.840,0.024,7.381,0.148,108097748,8.524,0.0203,8.059,0.0398,7.906,0.0325,0.395944,40.124771
85.0162490,-1.3286546,0.0237,0.0209,-0.0035,7.881,0.016,67.5,1.036E+00,7.918,0.012,93.9,2.659E+00,1,0,0000,AA,5,56921.65442598,847001601351030178,7.863,0.028,7.855,0.020,7.840,0.024,7.381,0.148,108097748,8.524,0.0203,8.059,0.0398,7.906,0.0325,0.397539,53.683032
85.0162343,-1.3286369,0.0278,0.0251,-0.0103,7.869,0.017,62.6,5.664E+00,7.793,0.013,86.0,3.101E+00,1,0,0000,AA,10,57448.61814238,847001601351030178,7.863,0.028,7.855,0.020,7.840,0.024,7.381,0.148,108097748,8.524,0.0203,8.059,0.0398,7.906,0.0325,0.401253,41.792355
85.0162486,-1.3286512,0.0253,0.0238,-0.0047,7.984,0.015,71.6,1.809E+00,7.967,0.012,88.6,2.082E+00,1,0,0000,AA,5,58900.86275603,847001601351030178,7.863,0.028,7.855,0.020,7.840,0.024,7.381,0.148,108097748,8.524,0.0203,8.059,0.0398,7.906,0.0325,0.403764,52.162351
85.0162353,-1.3286368,0.0255,0.0200,-0.0047,7.871,0.016,70.0,6.502E+00,7.817,0.011,96.7,1.979E+00,1,0,0000,AA,10,57647.45178931,847001601351030178,7.863,0.028,7.855,0.020,7.840,0.024,7.381,0.148,108097748,8.524,0.0203,8.059,0.0398,7.906,0.0325,0.403928,42.138945
85.0162352,-1.3286367,0.0269,0.0214,0.0068,7.787,0.015,70.7,2.671E+00,7.788,0.012,90.1,1.565E+00,1,0,0000,AA,10,57282.76329649,847001601351030178,7.863,0.028,7.855,0.020,7.840,0.024,7.381,0.148,108097748,8.524,0.0203,8.059,0.0398,7.906,0.0325,0.403951,42.066833
85.0162621,-1.3286731,0.0265,0.0247,-0.0066,7.753,0.016,70.0,1.306E+01,7.770,0.013,84.1,9.812E+00,1,0,0000,AA,5,59267.70971170,847001601351030178,7.863,0.028,7.855,0.020,7.840,0.024,7.381,0.148,108097748,8.524,0.0203,8.059,0.0398,7.906,0.0325,0.404396,65.322303
85.0162529,-1.3286567,0.0264,0.0241,-0.0032,7.990,0.017,64.6,1.230E+00,7.970,0.013,80.9,2.654E+00,1,0,0000,AA,10,57448.09389097,847001601351030178,7.863,0.028,7.855,0.020,7.840,0.024,7.381,0.148,108097748,8.524,0.0203,8.059,0.0398,7.906,0.0325,0.404617,55.723181
85.0162456,-1.3286463,0.0263,0.0232,-0.0125,7.752,0.015,73.9,2.530E+00,7.737,0.012,89.4,3.068E+00,1,0,0000,AA,10,58014.36640851,847001601351030178,7.863,0.028,7.855,0.020,7.840,0.024,7.381,0.148,108097748,8.524,0.0203,8.059,0.0398,7.906,0.0325,0.406574,49.264547
85.0162540,-1.3286568,0.0290,0.0243,-0.0089,7.775,0.015,71.4,7.805E-01,7.782,0.013,81.1,9.111E-01,1,0,0000,AA,10,57089.40076190,847001601351030178,7.863,0.028,7.855,0.020,7.840,0.024,7.381,0.148,108097748,8.524,0.0203,8.059,0.0398,7.906,0.0325,0.407699,56.078331
85.0162415,-1.3286412,0.0255,0.0266,-0.0035,7.834,0.020,55.3,6.850E+00,7.791,0.013,86.1,3.984E+00,1,0,0000,AA,10,58536.17562531,847001601351030178,7.863,0.028,7.855,0.020,7.840,0.024,7.381,0.148,108097748,8.524,0.0203,8.059,0.0398,7.906,0.0325,0.408058,45.957267
85.0162605,-1.3286667,0.0294,0.0283,-0.0047,7.777,0.019,57.8,5.132E+00,7.799,0.014,76.5,7.437E+00,1,0,0000,AA,10,58536.24107709,847001601351030178,7.863,0.028,7.855,0.020,7.840,0.024,7.381,0.148,108097748,8.524,0.0203,8.059,0.0398,7.906,0.0325,0.409445,62.054458
85.0162500,-1.3286501,0.0261,0.0218,-0.0054,7.820,0.015,73.9,1.097E+00,7.808,0.012,87.0,6.706E-01,1,0,0000,AA,10,57448.29050118,847001601351030178,7.863,0.028,7.855,0.020,7.840,0.024,7.381,0.148,108097748,8.524,0.0203,8.059,0.0398,7.906,0.0325,0.410171,52.157241
85.0162223,-1.3286241,0.0267,0.0230,-0.0073,7.735,0.016,69.1,1.690E+00,7.797,0.013,86.6,2.306E+00,1,0,0000,AA,10,57282.89445480,847001601351030178,7.863,0.028,7.855,0.020,7.840,0.024,7.381,0.148,108097748,8.524,0.0203,8.059,0.0398,7.906,0.0325,0.411665,33.002128
85.0162397,-1.3286378,0.0259,0.0238,-0.0073,7.772,0.018,61.9,1.441E+00,7.774,0.012,91.6,1.602E+00,1,0,0000,AA,10,57812.60063211,847001601351030178,7.863,0.028,7.855,0.020,7.840,0.024,7.381,0.148,108097748,8.524,0.0203,8.059,0.0398,7.906,0.0325,0.412124,44.107631
85.0162382,-1.3286361,0.0293,0.0290,-0.0055,7.698,0.024,44.6,1.233E+00,7.763,0.015,73.9,2.579E+00,1,0,0000,AA,10,58014.75924656,847001601351030178,7.863,0.028,7.855,0.020,7.840,0.024,7.381,0.148,108097748,8.524,0.0203,8.059,0.0398,7.906,0.0325,0.412846,42.978427
85.0162355,-1.3286333,0.0262,0.0293,-0.0131,7.792,0.022,50.4,5.541E+00,7.805,0.013,85.5,5.288E+00,1,0,0000,AA,5,59264.83378117,847001601351030178,7.863,0.028,7.855,0.020,7.840,0.024,7.381,0.148,108097748,8.524,0.0203,8.059,0.0398,7.906,0.0325,0.413828,41.042335
85.0162473,-1.3286447,0.0238,0.0233,-0.0078,7.840,0.016,66.4,1.425E+00,7.855,0.013,84.8,2.804E+00,1,0,0000,AA,10,56724.67041303,847001601351030178,7.863,0.028,7.855,0.020,7.840,0.024,7.381,0.148,108097748,8.524,0.0203,8.059,0.0398,7.906,0.0325,0.414968,49.213200
85.0162542,-1.3286526,0.0279,0.0257,-0.0086,8.059,0.016,66.0,2.085E+00,8.070,0.013,81.0,2.837E+00,1,0,0000,AA,10,58379.17700856,847001601351030178,7.863,0.028,7.855,0.020,7.840,0.024,7.381,0.148,108097748,8.524,0.0203,8.059,0.0398,7.906,0.0325,0.416910,54.409029
85.0162364,-1.3286301,0.0282,0.0268,0.0059,7.785,0.020,54.4,2.243E+01,7.773,0.013,84.7,1.947E+01,1,0,0000,AA,5,59264.83365385,847001601351030178,7.863,0.028,7.855,0.020,7.840,0.024,7.381,0.148,108097748,8.524,0.0203,8.059,0.0398,7.906,0.0325,0.424678,40.351384
85.0162514,-1.3286449,0.0245,0.0199,-0.0074,8.164,0.014,79.6,1.679E+00,8.131,0.011,95.7,2.244E+00,1,0,0000,AA,10,57088.94107128,847001601351030178,7.863,0.028,7.855,0.020,7.840,0.024,7.381,0.148,108097748,8.524,0.0203,8.059,0.0398,7.906,0.0325,0.425800,50.583763
85.0162496,-1.3286409,0.0279,0.0270,-0.0082,8.354,0.015,72.6,1.643E+00,8.287,0.015,73.6,2.669E+00,1,0,0000,AA,10,57283.48479491,847001601351030178,7.863,0.028,7.855,0.020,7.840,0.024,7.381,0.148,108097748,8.524,0.0203,8.059,0.0398,7.906,0.0325,0.430203,48.553890
85.0162637,-1.3286575,0.0256,0.0227,-0.0071,7.962,0.013,81.5,1.273E+00,7.941,0.013,82.5,6.621E-01,1,0,0000,AA,10,56729.87254593,847001601351030178,7.863,0.028,7.855,0.020,7.840,0.024,7.381,0.148,108097748,8.524,0.0203,8.059,0.0398,7.906,0.0325,0.435799,58.915815
85.0162626,-1.3286527,0.0263,0.0216,0.0052,7.704,0.016,69.6,9.631E-01,7.765,0.013,84.6,1.313E+00,1,0,0000,AA,10,57812.86269458,847001601351030178,7.863,0.028,7.855,0.020,7.840,0.024,7.381,0.148,108097748,8.524,0.0203,8.059,0.0398,7.906,0.0325,0.441645,56.730246
85.0162443,-1.3286307,0.0240,0.0237,-0.0101,7.829,0.019,58.2,1.452E+00,7.728,0.012,87.9,3.897E+00,1,0,0000,AA,10,57448.35608034,847001601351030178,7.863,0.028,7.855,0.020,7.840,0.024,7.381,0.148,108097748,8.524,0.0203,8.059,0.0398,7.906,0.0325,0.442041,43.342542
85.0162539,-1.3286406,0.0237,0.0242,-0.0069,7.731,0.017,62.4,1.505E+00,7.753,0.011,95.0,1.249E+00,1,0,0000,AA,10,56921.19397203,847001601351030178,7.863,0.028,7.855,0.020,7.840,0.024,7.381,0.148,108097748,8.524,0.0203,8.059,0.0398,7.906,0.0325,0.442618,49.775198
85.0162540,-1.3286406,0.0262,0.0215,0.0034,7.741,0.016,68.9,1.431E+00,7.767,0.013,85.6,1.581E+00,1,0,0000,AA,10,58169.33492872,847001601351030178,7.863,0.028,7.855,0.020,7.840,0.024,7.381,0.148,108097748,8.524,0.0203,8.059,0.0398,7.906,0.0325,0.442895,49.805266
85.0162579,-1.3286453,0.0296,0.0250,-0.0044,7.982,0.018,59.6,1.695E+01,7.911,0.012,89.7,2.141E+01,1,0,0000,AA,5,59838.67970468,847001601351030178,7.863,0.028,7.855,0.020,7.840,0.024,7.381,0.148,108097748,8.524,0.0203,8.059,0.0398,7.906,0.0325,0.443247,52.648088
85.0162624,-1.3286511,0.0248,0.0205,-0.0048,7.776,0.015,73.4,1.501E+00,7.774,0.011,96.2,1.911E+00,1,0,0000,AA,10,56921.25980572,847001601351030178,7.863,0.028,7.855,0.020,7.840,0.024,7.381,0.148,108097748,8.524,0.0203,8.059,0.0398,7.906,0.0325,0.444237,56.058165
85.0162744,-1.3286623,0.0330,0.0259,-0.0093,8.073,0.018,60.7,1.263E+00,8.069,0.015,72.8,3.530E+00,1,0,0000,AA,10,57088.54696019,847001601351030178,7.863,0.028,7.855,0.020,7.840,0.024,7.381,0.148,108097748,8.524,0.0203,8.059,0.0398,7.906,0.0325,0.461161,63.228770
85.0162742,-1.3286468,0.0279,0.0266,0.0073,8.157,0.017,63.4,1.079E+01,8.138,0.014,78.7,7.649E+00,1,0,0000,AA,10,57447.89715330,847001601351030178,7.863,0.028,7.855,0.020,7.840,0.024,7.381,0.148,108097748,8.524,0.0203,8.059,0.0398,7.906,0.0325,0.488236,57.333912
85.0162720,-1.3286433,0.0241,0.0234,0.0084,8.132,0.017,63.1,1.738E+00,8.161,0.012,90.5,2.793E+00,1,0,0000,AA,10,56729.60908396,847001601351030178,7.863,0.028,7.855,0.020,7.840,0.024,7.381,0.148,108097748,8.524,0.0203,8.059,0.0398,7.906,0.0325,0.488594,55.588639
85.0162572,-1.3286087,0.0270,0.0252,-0.0095,8.103,0.016,69.9,5.464E+00,8.044,0.015,71.7,7.990E+00,1,0,0000,AA,10,57447.76612226,847001601351030178,7.863,0.028,7.855,0.020,7.840,0.024,7.381,0.148,108097748,8.524,0.0203,8.059,0.0398,7.906,0.0325,0.531908,41.123580
